{
  "AppCode" : "AppOrder",
  "ServiceUnitCode" : "DF",
  "BizobjectCode" : "Classes",
  "BizobjectID" : "eeb71cf4-ae07-2390-7d16-093be04b83bf",
  "ProjectNameSpace" : "Inspur.GS.AppOrder.DF.Classes.Classes.Back",
  "SuDeploymentPath" : "apps/apporder/df",
  "MetadataProjectName" : "bo-Classes-Back",
  "MetadataPackageName" : "Inspur.GS.AppOrder.DF.Classes.Classes.Back",
  "SuConfigDeploymentPath" : null,
  "ProjectType" : "backend",
  "ProjectExtendItem" : [ {
    "codelanguage" : "java"
  } ]
}