{"moduleName":null,"summaries":[{"symbol":{"__symbol":0,"members":[]},"metadata":{"__symbolic":"class","extends":{"__symbol":1,"members":[]},"members":{"__ctor__":[{"__symbolic":"constructor","parameters":[{"__symbol":2,"members":[]}]}],"schedule":[{"__symbolic":"method"}]}},"type":{"summaryKind":3,"type":{"reference":{"__symbol":0,"members":[]},"diDeps":[{"isAttribute":false,"isHost":false,"isSelf":false,"isSkipSelf":false,"isOptional":false,"token":{"identifier":{"reference":{"__symbol":2,"members":[]}}}}],"lifecycleHooks":[1]}}}],"symbols":[{"__symbol":0,"name":"studentsAddItem1Handler","filePath":"./studentsadditem1handler"},{"__symbol":1,"name":"CommandHandler","filePath":"@farris/devkit"},{"__symbol":2,"name":"SubListDataService","filePath":"@farris/command-services"}]}