{"moduleName":null,"summaries":[{"symbol":{"__symbol":0,"members":[]},"metadata":{"__symbolic":"class","extends":{"__symbol":1,"members":[]},"members":{"classesNo":[{"__symbolic":"property","decorators":[{"__symbolic":"call","expression":{"__symbol":2,"members":[]},"arguments":[{"id":"classesNo_19a56de0_nxk4","name":"{{classesNo_19a56de0_nxk4}}","binding":"classesNo","updateOn":"blur","defaultI18nValue":"班级编码","validRules":[{"type":"required","constraints":[true]},{"type":"matches","constraints":[""]}]}]}]}],"name":[{"__symbolic":"property","decorators":[{"__symbolic":"call","expression":{"__symbol":2,"members":[]},"arguments":[{"id":"name_938971b9_be7e","name":"{{name_938971b9_be7e}}","binding":"name","updateOn":"blur","defaultI18nValue":"名称","validRules":[{"type":"matches","constraints":[""]}]}]}]}],"grade":[{"__symbolic":"property","decorators":[{"__symbolic":"call","expression":{"__symbol":2,"members":[]},"arguments":[{"id":"grade_c01d0433_03mc","name":"{{grade_c01d0433_03mc}}","binding":"grade","updateOn":"change","defaultI18nValue":"年级"}]}]}],"numbers":[{"__symbolic":"property","decorators":[{"__symbolic":"call","expression":{"__symbol":2,"members":[]},"arguments":[{"id":"numbers_f7b2194e_lxae","name":"{{numbers_f7b2194e_lxae}}","binding":"numbers","updateOn":"blur","defaultI18nValue":"人数"}]}]}]}},"type":{"summaryKind":3,"type":{"reference":{"__symbol":0,"members":[]},"diDeps":[],"lifecycleHooks":[1]}}}],"symbols":[{"__symbol":0,"name":"BasicFormViewmodelForm","filePath":"./basicformviewmodelform"},{"__symbol":1,"name":"Form","filePath":"@farris/devkit"},{"__symbol":2,"name":"NgFormControl","filePath":"@farris/devkit"}]}