{"moduleName":null,"summaries":[{"symbol":{"__symbol":0,"members":[]},"metadata":{"__symbolic":"class","extends":{"__symbol":1,"members":[]},"members":{"student_Student_StudentNo":[{"__symbolic":"property","decorators":[{"__symbolic":"call","expression":{"__symbol":2,"members":[]},"arguments":[{"id":"student.student_StudentNo","name":"{{student_Student_StudentNo_fdca4eaa_4555}}","binding":"student.student_StudentNo","updateOn":"blur","defaultI18nValue":"学号"}]}]}],"student_Student_FullName":[{"__symbolic":"property","decorators":[{"__symbolic":"call","expression":{"__symbol":2,"members":[]},"arguments":[{"id":"student.student_FullName","name":"{{student_Student_FullName_d3e582c6_y0gi}}","binding":"student.student_FullName","updateOn":"blur","defaultI18nValue":"姓名","validRules":[{"type":"matches","constraints":[""]}]}]}]}],"job":[{"__symbolic":"property","decorators":[{"__symbolic":"call","expression":{"__symbol":2,"members":[]},"arguments":[{"id":"job","name":"{{job_10b60ce7_tj26}}","binding":"job","updateOn":"change","defaultI18nValue":"职位"}]}]}]}},"type":{"summaryKind":3,"type":{"reference":{"__symbol":0,"members":[]},"diDeps":[],"lifecycleHooks":[1]}}}],"symbols":[{"__symbol":0,"name":"StudentsComponentViewmodelForm","filePath":"./studentscomponentviewmodelform"},{"__symbol":1,"name":"Form","filePath":"@farris/devkit"},{"__symbol":2,"name":"NgFormControl","filePath":"@farris/devkit"}]}