{"moduleName":null,"summaries":[{"symbol":{"__symbol":0,"members":[]},"metadata":{"__symbolic":"class"},"type":{"summaryKind":2,"type":{"reference":{"__symbol":0,"members":[]},"diDeps":[],"lifecycleHooks":[]},"entryComponents":[{"componentType":{"__symbol":1,"members":[]},"componentFactory":{"__symbol":2,"members":[]}},{"componentType":{"__symbol":3,"members":[]},"componentFactory":{"__symbol":4,"members":[]}}],"providers":[{"provider":{"token":{"identifier":{"reference":{"__symbol":5,"members":[]}}},"useClass":null,"useValue":[{"path":"","component":{"__symbol":3,"members":[]},"children":[],"resolve":{"translate":{"__symbol":6,"members":[]}}}],"useFactory":null,"multi":true},"module":{"reference":{"__symbol":0,"members":[]},"diDeps":[],"lifecycleHooks":[]}}],"modules":[{"reference":{"__symbol":7,"members":[]},"diDeps":[{"isAttribute":false,"isHost":false,"isSelf":false,"isSkipSelf":false,"isOptional":true,"token":{"identifier":{"reference":{"__symbol":8,"members":[]}}}},{"isAttribute":false,"isHost":false,"isSelf":false,"isSkipSelf":false,"isOptional":true,"token":{"identifier":{"reference":{"__symbol":9,"members":[]}}}}],"lifecycleHooks":[]},{"reference":{"__symbol":0,"members":[]},"diDeps":[],"lifecycleHooks":[]}],"exportedDirectives":[{"reference":{"__symbol":10,"members":[]}},{"reference":{"__symbol":11,"members":[]}},{"reference":{"__symbol":12,"members":[]}},{"reference":{"__symbol":13,"members":[]}},{"reference":{"__symbol":1,"members":[]}}],"exportedPipes":[]}}],"symbols":[{"__symbol":0,"name":"ClassesListRoutingModule","filePath":"./routing"},{"__symbol":1,"name":"ɵEmptyOutletComponent","filePath":"@angular/router"},{"__symbol":2,"name":"ɵEmptyOutletComponentNgFactory","filePath":"../../../../../node_modules/@angular/router/router.ngfactory"},{"__symbol":3,"name":"RootComponent","filePath":"./components/root-component/rootcomponent"},{"__symbol":4,"name":"RootComponentNgFactory","filePath":"./components/root-component/rootcomponent.ngfactory"},{"__symbol":5,"name":"ROUTES","filePath":"@angular/router"},{"__symbol":6,"name":"TranslateResolveService","filePath":"./lang/lang-pipe"},{"__symbol":7,"name":"RouterModule","filePath":"@angular/router"},{"__symbol":8,"name":"ɵangular_packages_router_router_a","filePath":"@angular/router"},{"__symbol":9,"name":"Router","filePath":"@angular/router"},{"__symbol":10,"name":"RouterOutlet","filePath":"@angular/router"},{"__symbol":11,"name":"RouterLink","filePath":"@angular/router"},{"__symbol":12,"name":"RouterLinkWithHref","filePath":"@angular/router"},{"__symbol":13,"name":"RouterLinkActive","filePath":"@angular/router"}]}