[{"Code":"ClassesList_frm","Name":"班级列表_frm","Id":"3055635e-6814-49f1-aecb-a5c729e9dcaf","Version":"1.0","Description":"班级列表_frm服务","BizObject":"eeb71cf4-ae07-2390-7d16-093be04b83bf","CriticalApplication":"apporder","ServiceUnit":"df","RouteUrl":"classeslist_frm","Service":{"Id":"2db783bb-edbf-4adb-a9fb-96ab5288f100","ResourceId":"cb6e649a-bb24-44c8-81f1-4640eb520a97","ResourceType":"VO","ResourceCode":"com.inspur.gs.apporder.df.classes.classes.front.vo.ClassesList_frm","ResourceName":"班级列表_frm","ResourceNameSpace":"Inspur.GS.AppOrder.DF.Classes.Classes.Front","ResourcePath":null,"ResourceFileName":null,"Operations":[{"Id":"cb6e649a-bb24-44c8-81f1-4640eb520a97&^^&CreateSession","Code":"CreateSession","Name":"创建业务上下文","Description":"在调用该服务其他操作前，应该首先调用该操作创建业务上下文。在业务上下文存在期间，所有通过该服务修改的数据均被锁定，其他业务上下文无法修改。","HttpMethod":"POST","Template":"service/createsession","Parameters":[{"Id":"cb6e649a-bb24-44c8-81f1-4640eb520a97&^^&CreateSessionParam","Code":"sessionId","Name":"sessionId","Description":"功能sessionId","ModelId":"string","ModelCode":null,"ModelName":"string","RefId":null,"RefCode":null,"RefName":null,"RefPath":null,"RefFileName":null,"ModelType":0,"In":"","IsRequired":true,"ListDeepth":0,"isCollection":false,"isRetVal":true,"isBasicType":true}],"ResourceOpId":"cb6e649a-bb24-44c8-81f1-4640eb520a97&^^&CreateSession","Transaction":false,"AssemblyInfo":null,"Extend1":"Basic","Extend2":null,"isDeprecated":false},{"Id":"cb6e649a-bb24-44c8-81f1-4640eb520a97&^^&CloseSession","Code":"CloseSession","Name":"关闭业务上下文","Description":"在调用该服务的其他操作完成业务功能后，应该调用该操作关闭业务上下文，否则该业务上下文内修改的数据将保持锁定状态，无法被其他用户修改。","HttpMethod":"POST","Template":"service/closesession","Parameters":null,"ResourceOpId":"cb6e649a-bb24-44c8-81f1-4640eb520a97&^^&CloseSession","Transaction":false,"AssemblyInfo":null,"Extend1":"Basic","Extend2":null,"isDeprecated":false},{"Id":"cb6e649a-bb24-44c8-81f1-4640eb520a97&^^&Create","Code":"Create","Name":"新增班级","Description":"新增班级，可指定字段初始值。","HttpMethod":"POST","Template":"","Parameters":[{"Id":"cb6e649a-bb24-44c8-81f1-4640eb520a97&^^&RequestInfo","Code":"requestInfo","Name":"请求信息","Description":"请求信息","ModelId":"cb6e649a-bb24-44c8-81f1-4640eb520a97&^^&RequestInfo","ModelCode":"RequestInfo","ModelName":"RequestInfo","RefId":"cb6e649a-bb24-44c8-81f1-4640eb520a97&^^&RequestInfo","RefCode":"RequestInfo","RefName":"RequestInfo","RefPath":null,"RefFileName":null,"ModelType":1,"In":"Body","IsRequired":false,"ListDeepth":0,"isCollection":false,"isRetVal":false,"isBasicType":false},{"Id":"cb6e649a-bb24-44c8-81f1-4640eb520a97&^^&defaultValue","Code":"defaultValue","Name":"默认值","Description":"默认值","ModelId":"cb6e649a-bb24-44c8-81f1-4640eb520a97&^^&DefaultValue","ModelCode":"DefaultValue","ModelName":"DefaultValue","RefId":"cb6e649a-bb24-44c8-81f1-4640eb520a97&^^&DefaultValue","RefCode":"DefaultValue","RefName":"DefaultValue","RefPath":null,"RefFileName":null,"ModelType":1,"In":"Body","IsRequired":false,"ListDeepth":0,"isCollection":false,"isRetVal":false,"isBasicType":false},{"Id":"cb6e649a-bb24-44c8-81f1-4640eb520a97&^^&ResponseInfo","Code":"responseInfo","Name":"响应信息","Description":"响应信息","ModelId":"cb6e649a-bb24-44c8-81f1-4640eb520a97&^^&ResponseInfo","ModelCode":"ResponseInfo","ModelName":"ResponseInfo","RefId":"cb6e649a-bb24-44c8-81f1-4640eb520a97&^^&ResponseInfo","RefCode":"ResponseInfo","RefName":"ResponseInfo","RefPath":null,"RefFileName":null,"ModelType":1,"In":"","IsRequired":true,"ListDeepth":0,"isCollection":false,"isRetVal":true,"isBasicType":false}],"ResourceOpId":"cb6e649a-bb24-44c8-81f1-4640eb520a97&^^&Create","Transaction":false,"AssemblyInfo":null,"Extend1":"Basic","Extend2":null,"isDeprecated":false},{"Id":"cb6e649a-bb24-44c8-81f1-4640eb520a97&^^&BatchCreate","Code":"BatchCreate","Name":"批量新增班级","Description":"批量新增班级，可指定字段初始值。","HttpMethod":"POST","Template":"/batch","Parameters":[{"Id":"cb6e649a-bb24-44c8-81f1-4640eb520a97&^^&RequestInfo","Code":"requestInfo","Name":"请求信息","Description":"请求信息","ModelId":"cb6e649a-bb24-44c8-81f1-4640eb520a97&^^&RequestInfo","ModelCode":"RequestInfo","ModelName":"RequestInfo","RefId":"cb6e649a-bb24-44c8-81f1-4640eb520a97&^^&RequestInfo","RefCode":"RequestInfo","RefName":"RequestInfo","RefPath":null,"RefFileName":null,"ModelType":1,"In":"Body","IsRequired":true,"ListDeepth":0,"isCollection":false,"isRetVal":false,"isBasicType":false},{"Id":"cb6e649a-bb24-44c8-81f1-4640eb520a97&^^&retrieveDefaultParam","Code":"retrieveDefaultParam","Name":"默认值","Description":"默认值","ModelId":"cb6e649a-bb24-44c8-81f1-4640eb520a97&^^&RetrieveDefaultParam","ModelCode":"RetrieveDefaultParam","ModelName":"RetrieveDefaultParam","RefId":"cb6e649a-bb24-44c8-81f1-4640eb520a97&^^&RetrieveDefaultParam","RefCode":"RetrieveDefaultParam","RefName":"RetrieveDefaultParam","RefPath":null,"RefFileName":null,"ModelType":1,"In":"Body","IsRequired":false,"ListDeepth":0,"isCollection":false,"isRetVal":false,"isBasicType":false},{"Id":"cb6e649a-bb24-44c8-81f1-4640eb520a97&^^&ResponseInfo","Code":"responseInfo","Name":"响应信息","Description":"响应信息","ModelId":"cb6e649a-bb24-44c8-81f1-4640eb520a97&^^&ResponseInfo","ModelCode":"ResponseInfo","ModelName":"ResponseInfo","RefId":"cb6e649a-bb24-44c8-81f1-4640eb520a97&^^&ResponseInfo","RefCode":"ResponseInfo","RefName":"ResponseInfo","RefPath":null,"RefFileName":null,"ModelType":1,"In":"","IsRequired":true,"ListDeepth":0,"isCollection":false,"isRetVal":true,"isBasicType":false}],"ResourceOpId":"cb6e649a-bb24-44c8-81f1-4640eb520a97&^^&BatchCreate","Transaction":false,"AssemblyInfo":null,"Extend1":"Basic","Extend2":null,"isDeprecated":false},{"Id":"cb6e649a-bb24-44c8-81f1-4640eb520a97&^^&Edit","Code":"Edit","Name":"编辑班级","Description":"编辑指定的班级，此操作会锁定相应的班级数据。该操作成功后，其他用户不能修改该数据，直到调用”保存“或”取消“操作。","HttpMethod":"PUT","Template":"/service/edit/{dataId}","Parameters":[{"Id":"cb6e649a-bb24-44c8-81f1-4640eb520a97&^^&RequestInfo","Code":"requestInfo","Name":"请求信息","Description":"请求信息","ModelId":"cb6e649a-bb24-44c8-81f1-4640eb520a97&^^&RequestInfo","ModelCode":"RequestInfo","ModelName":"RequestInfo","RefId":"cb6e649a-bb24-44c8-81f1-4640eb520a97&^^&RequestInfo","RefCode":"RequestInfo","RefName":"RequestInfo","RefPath":null,"RefFileName":null,"ModelType":1,"In":"Body","IsRequired":false,"ListDeepth":0,"isCollection":false,"isRetVal":false,"isBasicType":false},{"Id":"cb6e649a-bb24-44c8-81f1-4640eb520a97&^^&RetrieveParam","Code":"dataId","Name":"单据内码","Description":"单据内码","ModelId":"string","ModelCode":null,"ModelName":"string","RefId":null,"RefCode":null,"RefName":null,"RefPath":null,"RefFileName":null,"ModelType":0,"In":"Path","IsRequired":true,"ListDeepth":0,"isCollection":false,"isRetVal":false,"isBasicType":true},{"Id":"cb6e649a-bb24-44c8-81f1-4640eb520a97&^^&ResponseInfo","Code":"responseInfo","Name":"响应信息","Description":"响应信息","ModelId":"cb6e649a-bb24-44c8-81f1-4640eb520a97&^^&ResponseInfo","ModelCode":"ResponseInfo","ModelName":"ResponseInfo","RefId":"cb6e649a-bb24-44c8-81f1-4640eb520a97&^^&ResponseInfo","RefCode":"ResponseInfo","RefName":"ResponseInfo","RefPath":null,"RefFileName":null,"ModelType":1,"In":"","IsRequired":true,"ListDeepth":0,"isCollection":false,"isRetVal":true,"isBasicType":false}],"ResourceOpId":"cb6e649a-bb24-44c8-81f1-4640eb520a97&^^&Edit","Transaction":false,"AssemblyInfo":null,"Extend1":"Basic","Extend2":null,"isDeprecated":false},{"Id":"cb6e649a-bb24-44c8-81f1-4640eb520a97&^^&Delete","Code":"Delete","Name":"删除班级","Description":"删除指定的班级，该操作仅在当前业务上下文中删除，并不会持久化到数据库。后续需调用”保存“操作进行持久化，如需要立即持久化，请调用”删除班级并保存“操作。","HttpMethod":"DELETE","Template":"/{dataId}","Parameters":[{"Id":"cb6e649a-bb24-44c8-81f1-4640eb520a97&^^&DeleteParam","Code":"dataId","Name":"单据内码","Description":"单据内码","ModelId":"string","ModelCode":null,"ModelName":"string","RefId":null,"RefCode":null,"RefName":null,"RefPath":null,"RefFileName":null,"ModelType":0,"In":"Path","IsRequired":true,"ListDeepth":0,"isCollection":false,"isRetVal":false,"isBasicType":true}],"ResourceOpId":"cb6e649a-bb24-44c8-81f1-4640eb520a97&^^&Delete","Transaction":false,"AssemblyInfo":null,"Extend1":"Basic","Extend2":null,"isDeprecated":false},{"Id":"cb6e649a-bb24-44c8-81f1-4640eb520a97&^^&DeleteAndSave","Code":"DeleteAndSave","Name":"删除班级并保存","Description":"删除指定的班级，并持久化到数据库。","HttpMethod":"PUT","Template":"/service/delete/{dataId}","Parameters":[{"Id":"cb6e649a-bb24-44c8-81f1-4640eb520a97&^^&RequestInfo","Code":"requestInfo","Name":"请求信息","Description":"请求信息","ModelId":"cb6e649a-bb24-44c8-81f1-4640eb520a97&^^&RequestInfo","ModelCode":"RequestInfo","ModelName":"RequestInfo","RefId":"cb6e649a-bb24-44c8-81f1-4640eb520a97&^^&RequestInfo","RefCode":"RequestInfo","RefName":"RequestInfo","RefPath":null,"RefFileName":null,"ModelType":1,"In":"Body","IsRequired":false,"ListDeepth":0,"isCollection":false,"isRetVal":false,"isBasicType":false},{"Id":"cb6e649a-bb24-44c8-81f1-4640eb520a97&^^&DeleteParam","Code":"dataId","Name":"单据内码","Description":"单据内码","ModelId":"string","ModelCode":null,"ModelName":"string","RefId":null,"RefCode":null,"RefName":null,"RefPath":null,"RefFileName":null,"ModelType":0,"In":"Path","IsRequired":true,"ListDeepth":0,"isCollection":false,"isRetVal":false,"isBasicType":true},{"Id":"cb6e649a-bb24-44c8-81f1-4640eb520a97&^^&ResponseInfo","Code":"responseInfo","Name":"响应信息","Description":"响应信息","ModelId":"cb6e649a-bb24-44c8-81f1-4640eb520a97&^^&ResponseInfo","ModelCode":"ResponseInfo","ModelName":"ResponseInfo","RefId":"cb6e649a-bb24-44c8-81f1-4640eb520a97&^^&ResponseInfo","RefCode":"ResponseInfo","RefName":"ResponseInfo","RefPath":null,"RefFileName":null,"ModelType":1,"In":"","IsRequired":true,"ListDeepth":0,"isCollection":false,"isRetVal":true,"isBasicType":false}],"ResourceOpId":"cb6e649a-bb24-44c8-81f1-4640eb520a97&^^&DeleteAndSave","Transaction":false,"AssemblyInfo":null,"Extend1":"Basic","Extend2":null,"isDeprecated":false},{"Id":"cb6e649a-bb24-44c8-81f1-4640eb520a97&^^&BatchDelete","Code":"BatchDelete","Name":"批量删除班级","Description":"批量删除指定的班级，该操作仅在当前业务上下文中删除，并不会持久化到数据库。后续需调用”保存“操作进行持久化，如需要立即持久化，请调用”批量删除班级并保存“操作。","HttpMethod":"DELETE","Template":"","Parameters":[{"Id":"cb6e649a-bb24-44c8-81f1-4640eb520a97&^^&BatchDeleteParam","Code":"ids","Name":"单据内码列表","Description":"单据内码列表","ModelId":"string","ModelCode":null,"ModelName":"string","RefId":null,"RefCode":null,"RefName":null,"RefPath":null,"RefFileName":null,"ModelType":0,"In":"Query","IsRequired":true,"ListDeepth":0,"isCollection":false,"isRetVal":false,"isBasicType":true}],"ResourceOpId":"cb6e649a-bb24-44c8-81f1-4640eb520a97&^^&BatchDelete","Transaction":false,"AssemblyInfo":null,"Extend1":"Basic","Extend2":null,"isDeprecated":true},{"Id":"cb6e649a-bb24-44c8-81f1-4640eb520a97&^^&BatchDeleteAndSave","Code":"BatchDeleteAndSave","Name":"批量删除班级并保存","Description":"批量删除指定的班级，并持久化到数据库。","HttpMethod":"POST","Template":"/batchdeleteandsave","Parameters":[{"Id":"cb6e649a-bb24-44c8-81f1-4640eb520a97&^^&RequestInfo","Code":"requestInfo","Name":"请求信息","Description":"请求信息","ModelId":"cb6e649a-bb24-44c8-81f1-4640eb520a97&^^&RequestInfo","ModelCode":"RequestInfo","ModelName":"RequestInfo","RefId":"cb6e649a-bb24-44c8-81f1-4640eb520a97&^^&RequestInfo","RefCode":"RequestInfo","RefName":"RequestInfo","RefPath":null,"RefFileName":null,"ModelType":1,"In":"Body","IsRequired":false,"ListDeepth":0,"isCollection":false,"isRetVal":false,"isBasicType":false},{"Id":"cb6e649a-bb24-44c8-81f1-4640eb520a97&^^&IdsParam","Code":"ids","Name":"单据内码列表","Description":"批量删除的单据内码列表","ModelId":"string","ModelCode":null,"ModelName":"string","RefId":null,"RefCode":null,"RefName":null,"RefPath":null,"RefFileName":null,"ModelType":0,"In":"Body","IsRequired":true,"ListDeepth":1,"isCollection":true,"isRetVal":false,"isBasicType":true},{"Id":"cb6e649a-bb24-44c8-81f1-4640eb520a97&^^&ResponseInfo","Code":"responseInfo","Name":"响应信息","Description":"响应信息","ModelId":"cb6e649a-bb24-44c8-81f1-4640eb520a97&^^&ResponseInfo","ModelCode":"ResponseInfo","ModelName":"ResponseInfo","RefId":"cb6e649a-bb24-44c8-81f1-4640eb520a97&^^&ResponseInfo","RefCode":"ResponseInfo","RefName":"ResponseInfo","RefPath":null,"RefFileName":null,"ModelType":1,"In":"","IsRequired":true,"ListDeepth":0,"isCollection":false,"isRetVal":true,"isBasicType":false}],"ResourceOpId":"cb6e649a-bb24-44c8-81f1-4640eb520a97&^^&BatchDeleteAndSave","Transaction":false,"AssemblyInfo":null,"Extend1":"Basic","Extend2":null,"isDeprecated":false},{"Id":"cb6e649a-bb24-44c8-81f1-4640eb520a97&^^&Update","Code":"Update","Name":"更新班级","Description":"通过变更集更新班级。","HttpMethod":"PATCH","Template":"","Parameters":[{"Id":"cb6e649a-bb24-44c8-81f1-4640eb520a97&^^&RequestInfo","Code":"requestInfo","Name":"请求信息","Description":"请求信息","ModelId":"cb6e649a-bb24-44c8-81f1-4640eb520a97&^^&RequestInfo","ModelCode":"RequestInfo","ModelName":"RequestInfo","RefId":"cb6e649a-bb24-44c8-81f1-4640eb520a97&^^&RequestInfo","RefCode":"RequestInfo","RefName":"RequestInfo","RefPath":null,"RefFileName":null,"ModelType":1,"In":"Body","IsRequired":false,"ListDeepth":0,"isCollection":false,"isRetVal":false,"isBasicType":false},{"Id":"cb6e649a-bb24-44c8-81f1-4640eb520a97&^^&UpdateParam","Code":"changeDetail","Name":"数据变更集","Description":"数据变更集","ModelId":"cb6e649a-bb24-44c8-81f1-4640eb520a97&^^&ChangeDetail","ModelCode":"ChangeDetail","ModelName":"ChangeDetail","RefId":"cb6e649a-bb24-44c8-81f1-4640eb520a97&^^&ChangeDetail","RefCode":"ChangeDetail","RefName":"ChangeDetail","RefPath":null,"RefFileName":null,"ModelType":1,"In":"Body","IsRequired":true,"ListDeepth":0,"isCollection":false,"isRetVal":false,"isBasicType":false},{"Id":"cb6e649a-bb24-44c8-81f1-4640eb520a97&^^&ResponseInfo","Code":"responseInfo","Name":"响应信息","Description":"响应信息","ModelId":"cb6e649a-bb24-44c8-81f1-4640eb520a97&^^&ResponseInfo","ModelCode":"ResponseInfo","ModelName":"ResponseInfo","RefId":"cb6e649a-bb24-44c8-81f1-4640eb520a97&^^&ResponseInfo","RefCode":"ResponseInfo","RefName":"ResponseInfo","RefPath":null,"RefFileName":null,"ModelType":1,"In":"","IsRequired":true,"ListDeepth":0,"isCollection":false,"isRetVal":true,"isBasicType":false}],"ResourceOpId":"cb6e649a-bb24-44c8-81f1-4640eb520a97&^^&Update","Transaction":false,"AssemblyInfo":null,"Extend1":"Basic","Extend2":null,"isDeprecated":false},{"Id":"cb6e649a-bb24-44c8-81f1-4640eb520a97&^^&Retrieve","Code":"Retrieve","Name":"检索班级","Description":"检索指定的班级，返回结果中包含班级的所有子表数据。","HttpMethod":"GET","Template":"/{dataId}","Parameters":[{"Id":"cb6e649a-bb24-44c8-81f1-4640eb520a97&^^&RetrieveParam","Code":"dataId","Name":"单据内码","Description":"单据内码","ModelId":"string","ModelCode":null,"ModelName":"string","RefId":null,"RefCode":null,"RefName":null,"RefPath":null,"RefFileName":null,"ModelType":0,"In":"Path","IsRequired":true,"ListDeepth":0,"isCollection":false,"isRetVal":false,"isBasicType":true},{"Id":"cb6e649a-bb24-44c8-81f1-4640eb520a97&^^&RetrieveParam1","Code":"Classes","Name":"班级","Description":"实体模型","ModelId":"cb6e649a-bb24-44c8-81f1-4640eb520a97","ModelCode":"ClassesList_frm","ModelName":"班级列表_frm","RefId":"f4732730-2e09-446c-b212-12f57fc552f7","RefCode":"Classes","RefName":"班级","RefPath":null,"RefFileName":null,"ModelType":0,"In":"","IsRequired":true,"ListDeepth":0,"isCollection":false,"isRetVal":true,"isBasicType":false}],"ResourceOpId":"cb6e649a-bb24-44c8-81f1-4640eb520a97&^^&Retrieve","Transaction":false,"AssemblyInfo":null,"Extend1":"Basic","Extend2":null,"isDeprecated":false},{"Id":"cb6e649a-bb24-44c8-81f1-4640eb520a97&^^&RetrieveWithChildPagination","Code":"RetrieveWithChildPagination","Name":"检索班级（支持子表分页）","Description":"检索指定的班级，可对指定子表进行分页。","HttpMethod":"PUT","Template":"/service/retrieve/{dataId}","Parameters":[{"Id":"cb6e649a-bb24-44c8-81f1-4640eb520a97&^^&RequestInfo","Code":"requestInfo","Name":"请求信息","Description":"请求信息","ModelId":"cb6e649a-bb24-44c8-81f1-4640eb520a97&^^&RequestInfo","ModelCode":"RequestInfo","ModelName":"RequestInfo","RefId":"cb6e649a-bb24-44c8-81f1-4640eb520a97&^^&RequestInfo","RefCode":"RequestInfo","RefName":"RequestInfo","RefPath":null,"RefFileName":null,"ModelType":1,"In":"Body","IsRequired":false,"ListDeepth":0,"isCollection":false,"isRetVal":false,"isBasicType":false},{"Id":"cb6e649a-bb24-44c8-81f1-4640eb520a97&^^&dataId","Code":"dataId","Name":"单据内码","Description":"单据内码","ModelId":"string","ModelCode":null,"ModelName":"string","RefId":null,"RefCode":null,"RefName":null,"RefPath":null,"RefFileName":null,"ModelType":0,"In":"Path","IsRequired":true,"ListDeepth":0,"isCollection":false,"isRetVal":false,"isBasicType":true},{"Id":"cb6e649a-bb24-44c8-81f1-4640eb520a97&^^&retrieveParam","Code":"retrieveParam","Name":"查询参数","Description":"查询参数","ModelId":"cb6e649a-bb24-44c8-81f1-4640eb520a97&^^&RetrieveParam","ModelCode":"RetrieveParam","ModelName":"RetrieveParam","RefId":"cb6e649a-bb24-44c8-81f1-4640eb520a97&^^&RetrieveParam","RefCode":"RetrieveParam","RefName":"RetrieveParam","RefPath":null,"RefFileName":null,"ModelType":1,"In":"Body","IsRequired":true,"ListDeepth":0,"isCollection":false,"isRetVal":false,"isBasicType":false},{"Id":"cb6e649a-bb24-44c8-81f1-4640eb520a97&^^&ResponseInfo","Code":"responseInfo","Name":"响应信息","Description":"响应信息","ModelId":"cb6e649a-bb24-44c8-81f1-4640eb520a97&^^&ResponseInfo","ModelCode":"ResponseInfo","ModelName":"ResponseInfo","RefId":"cb6e649a-bb24-44c8-81f1-4640eb520a97&^^&ResponseInfo","RefCode":"ResponseInfo","RefName":"ResponseInfo","RefPath":null,"RefFileName":null,"ModelType":1,"In":"","IsRequired":true,"ListDeepth":0,"isCollection":false,"isRetVal":true,"isBasicType":false}],"ResourceOpId":"cb6e649a-bb24-44c8-81f1-4640eb520a97&^^&RetrieveWithChildPagination","Transaction":false,"AssemblyInfo":null,"Extend1":"Basic","Extend2":null,"isDeprecated":false},{"Id":"cb6e649a-bb24-44c8-81f1-4640eb520a97&^^&QueryChild","Code":"QueryChild","Name":"查询班级特定子表的数据","Description":"查询指定的班级下特定子表的数据。可对指定子表进行过滤、排序、分页。","HttpMethod":"PUT","Template":"/service/querychild","Parameters":[{"Id":"cb6e649a-bb24-44c8-81f1-4640eb520a97&^^&RequestInfo","Code":"requestInfo","Name":"请求信息","Description":"请求信息","ModelId":"cb6e649a-bb24-44c8-81f1-4640eb520a97&^^&RequestInfo","ModelCode":"RequestInfo","ModelName":"RequestInfo","RefId":"cb6e649a-bb24-44c8-81f1-4640eb520a97&^^&RequestInfo","RefCode":"RequestInfo","RefName":"RequestInfo","RefPath":null,"RefFileName":null,"ModelType":1,"In":"Body","IsRequired":false,"ListDeepth":0,"isCollection":false,"isRetVal":false,"isBasicType":false},{"Id":"cb6e649a-bb24-44c8-81f1-4640eb520a97&^^&nodeCodes","Code":"nodeCodes","Name":"节点编号列表","Description":"节点编号列表","ModelId":"string","ModelCode":null,"ModelName":"string","RefId":null,"RefCode":null,"RefName":null,"RefPath":null,"RefFileName":null,"ModelType":0,"In":"Body","IsRequired":true,"ListDeepth":1,"isCollection":true,"isRetVal":false,"isBasicType":true},{"Id":"cb6e649a-bb24-44c8-81f1-4640eb520a97&^^&ids","Code":"ids","Name":"内码列表","Description":"内码列表","ModelId":"string","ModelCode":null,"ModelName":"string","RefId":null,"RefCode":null,"RefName":null,"RefPath":null,"RefFileName":null,"ModelType":0,"In":"Body","IsRequired":true,"ListDeepth":1,"isCollection":true,"isRetVal":false,"isBasicType":true},{"Id":"cb6e649a-bb24-44c8-81f1-4640eb520a97&^^&pagination","Code":"pagination","Name":"分页信息","Description":"分页信息","ModelId":"cb6e649a-bb24-44c8-81f1-4640eb520a97&^^&Pagination","ModelCode":"Pagination","ModelName":"Pagination","RefId":"cb6e649a-bb24-44c8-81f1-4640eb520a97&^^&Pagination","RefCode":"Pagination","RefName":"Pagination","RefPath":null,"RefFileName":null,"ModelType":1,"In":"Body","IsRequired":true,"ListDeepth":0,"isCollection":false,"isRetVal":false,"isBasicType":false},{"Id":"cb6e649a-bb24-44c8-81f1-4640eb520a97&^^&ResponseInfo","Code":"responseInfo","Name":"响应信息","Description":"响应信息","ModelId":"cb6e649a-bb24-44c8-81f1-4640eb520a97&^^&ResponseInfo","ModelCode":"ResponseInfo","ModelName":"ResponseInfo","RefId":"cb6e649a-bb24-44c8-81f1-4640eb520a97&^^&ResponseInfo","RefCode":"ResponseInfo","RefName":"ResponseInfo","RefPath":null,"RefFileName":null,"ModelType":1,"In":"","IsRequired":true,"ListDeepth":0,"isCollection":false,"isRetVal":true,"isBasicType":false}],"ResourceOpId":"cb6e649a-bb24-44c8-81f1-4640eb520a97&^^&QueryChild","Transaction":false,"AssemblyInfo":null,"Extend1":"Basic","Extend2":null,"isDeprecated":false},{"Id":"cb6e649a-bb24-44c8-81f1-4640eb520a97&^^&Query","Code":"Query","Name":"查询班级","Description":"查询班级，可指定查询过滤条件、排序字段、设置分页。","HttpMethod":"GET","Template":"","Parameters":[{"Id":"cb6e649a-bb24-44c8-81f1-4640eb520a97&^^&EntityFilterParam","Code":"entityFilter","Name":"过滤条件","Description":"过滤条件","ModelId":"string","ModelCode":null,"ModelName":"string","RefId":null,"RefCode":null,"RefName":null,"RefPath":null,"RefFileName":null,"ModelType":0,"In":"Query","IsRequired":true,"ListDeepth":0,"isCollection":false,"isRetVal":false,"isBasicType":true},{"Id":"cb6e649a-bb24-44c8-81f1-4640eb520a97&^^&QueryParam","Code":"Classes","Name":"班级","Description":"实体模型","ModelId":"cb6e649a-bb24-44c8-81f1-4640eb520a97","ModelCode":"ClassesList_frm","ModelName":"班级列表_frm","RefId":"f4732730-2e09-446c-b212-12f57fc552f7","RefCode":"Classes","RefName":"班级","RefPath":null,"RefFileName":null,"ModelType":0,"In":"","IsRequired":true,"ListDeepth":1,"isCollection":true,"isRetVal":true,"isBasicType":false}],"ResourceOpId":"cb6e649a-bb24-44c8-81f1-4640eb520a97&^^&Query","Transaction":false,"AssemblyInfo":null,"Extend1":"Basic","Extend2":null,"isDeprecated":true},{"Id":"cb6e649a-bb24-44c8-81f1-4640eb520a97&^^&Save","Code":"Save","Name":"保存","Description":"将当前业务上下文内所有修改的数据持久化到数据库。","HttpMethod":"PUT","Template":"","Parameters":[{"Id":"cb6e649a-bb24-44c8-81f1-4640eb520a97&^^&RequestInfo","Code":"requestInfo","Name":"请求信息","Description":"请求信息","ModelId":"cb6e649a-bb24-44c8-81f1-4640eb520a97&^^&RequestInfo","ModelCode":"RequestInfo","ModelName":"RequestInfo","RefId":"cb6e649a-bb24-44c8-81f1-4640eb520a97&^^&RequestInfo","RefCode":"RequestInfo","RefName":"RequestInfo","RefPath":null,"RefFileName":null,"ModelType":1,"In":"Body","IsRequired":false,"ListDeepth":0,"isCollection":false,"isRetVal":false,"isBasicType":false},{"Id":"cb6e649a-bb24-44c8-81f1-4640eb520a97&^^&ResponseInfo","Code":"responseInfo","Name":"响应信息","Description":"响应信息","ModelId":"cb6e649a-bb24-44c8-81f1-4640eb520a97&^^&ResponseInfo","ModelCode":"ResponseInfo","ModelName":"ResponseInfo","RefId":"cb6e649a-bb24-44c8-81f1-4640eb520a97&^^&ResponseInfo","RefCode":"ResponseInfo","RefName":"ResponseInfo","RefPath":null,"RefFileName":null,"ModelType":1,"In":"","IsRequired":true,"ListDeepth":0,"isCollection":false,"isRetVal":true,"isBasicType":false}],"ResourceOpId":"cb6e649a-bb24-44c8-81f1-4640eb520a97&^^&Save","Transaction":false,"AssemblyInfo":null,"Extend1":"Basic","Extend2":null,"isDeprecated":false},{"Id":"cb6e649a-bb24-44c8-81f1-4640eb520a97&^^&Cancel","Code":"Cancel","Name":"取消","Description":"取消所有数据的修改，此操作会将修改过程中锁定的数据解锁。","HttpMethod":"POST","Template":"service/cancel","Parameters":null,"ResourceOpId":"cb6e649a-bb24-44c8-81f1-4640eb520a97&^^&Cancel","Transaction":false,"AssemblyInfo":null,"Extend1":"Basic","Extend2":null,"isDeprecated":false},{"Id":"cb6e649a-bb24-44c8-81f1-4640eb520a97&^^&HasChanges","Code":"HasChanges","Name":"检查变更","Description":"检查当前业务上下文内是否存在未保存的变更","HttpMethod":"PUT","Template":"haschanges","Parameters":[{"Id":"cb6e649a-bb24-44c8-81f1-4640eb520a97&^^&RequestInfo","Code":"requestInfo","Name":"请求信息","Description":"请求信息","ModelId":"cb6e649a-bb24-44c8-81f1-4640eb520a97&^^&RequestInfo","ModelCode":"RequestInfo","ModelName":"RequestInfo","RefId":"cb6e649a-bb24-44c8-81f1-4640eb520a97&^^&RequestInfo","RefCode":"RequestInfo","RefName":"RequestInfo","RefPath":null,"RefFileName":null,"ModelType":1,"In":"Body","IsRequired":false,"ListDeepth":0,"isCollection":false,"isRetVal":false,"isBasicType":false},{"Id":"cb6e649a-bb24-44c8-81f1-4640eb520a97&^^&ResponseInfo","Code":"responseInfo","Name":"响应信息","Description":"响应信息","ModelId":"cb6e649a-bb24-44c8-81f1-4640eb520a97&^^&ResponseInfo","ModelCode":"ResponseInfo","ModelName":"ResponseInfo","RefId":"cb6e649a-bb24-44c8-81f1-4640eb520a97&^^&ResponseInfo","RefCode":"ResponseInfo","RefName":"ResponseInfo","RefPath":null,"RefFileName":null,"ModelType":1,"In":"","IsRequired":true,"ListDeepth":0,"isCollection":false,"isRetVal":true,"isBasicType":false}],"ResourceOpId":"cb6e649a-bb24-44c8-81f1-4640eb520a97&^^&HasChanges","Transaction":false,"AssemblyInfo":null,"Extend1":"Basic","Extend2":null,"isDeprecated":false},{"Id":"cb6e649a-bb24-44c8-81f1-4640eb520a97&^^&ElementHelp","Code":"GetElementHelp","Name":"获取字段帮助数据","Description":"获取指定帮助字段的帮助数据，支持班级及其子表的所有帮助字段的帮助数据。如果查询条件较长，建议使用”获取字段帮助数据“操作。","HttpMethod":"GET","Template":"elementhelps/{labelId}","Parameters":[{"Id":"cb6e649a-bb24-44c8-81f1-4640eb520a97&^^&labelIdParam","Code":"labelId","Name":"标签Id","Description":"标签内码","ModelId":"string","ModelCode":null,"ModelName":"string","RefId":null,"RefCode":null,"RefName":null,"RefPath":null,"RefFileName":null,"ModelType":0,"In":"Path","IsRequired":true,"ListDeepth":0,"isCollection":false,"isRetVal":false,"isBasicType":true},{"Id":"cb6e649a-bb24-44c8-81f1-4640eb520a97&^^&nodeCodeParam","Code":"nodeCode","Name":"节点编号","Description":"节点编号","ModelId":"string","ModelCode":null,"ModelName":"string","RefId":null,"RefCode":null,"RefName":null,"RefPath":null,"RefFileName":null,"ModelType":0,"In":"Query","IsRequired":true,"ListDeepth":0,"isCollection":false,"isRetVal":false,"isBasicType":true},{"Id":"cb6e649a-bb24-44c8-81f1-4640eb520a97&^^&queryParam","Code":"queryParam","Name":"查询参数","Description":"查询参数","ModelId":"string","ModelCode":null,"ModelName":"string","RefId":null,"RefCode":null,"RefName":null,"RefPath":null,"RefFileName":null,"ModelType":0,"In":"Query","IsRequired":true,"ListDeepth":0,"isCollection":false,"isRetVal":false,"isBasicType":true},{"Id":"cb6e649a-bb24-44c8-81f1-4640eb520a97&^^&ElementHelpRetParam","Code":"return","Name":"返回值","Description":"返回值","ModelId":"cb6e649a-bb24-44c8-81f1-4640eb520a97&^^&LookupResult","ModelCode":"LookupResult","ModelName":"LookupResult","RefId":"cb6e649a-bb24-44c8-81f1-4640eb520a97&^^&LookupResult","RefCode":"LookupResult","RefName":"LookupResult","RefPath":null,"RefFileName":null,"ModelType":1,"In":"","IsRequired":true,"ListDeepth":0,"isCollection":false,"isRetVal":true,"isBasicType":false}],"ResourceOpId":"cb6e649a-bb24-44c8-81f1-4640eb520a97&^^&ElementHelp","Transaction":false,"AssemblyInfo":null,"Extend1":"Basic","Extend2":null,"isDeprecated":true},{"Id":"cb6e649a-bb24-44c8-81f1-4640eb520a97&^^&CreateChild##Students","Code":"CreateChild_Students","Name":"新增学生","Description":"新增学生。","HttpMethod":"POST","Template":"/{rootId}/students","Parameters":[{"Id":"cb6e649a-bb24-44c8-81f1-4640eb520a97&^^&RequestInfo","Code":"requestInfo","Name":"请求信息","Description":"请求信息","ModelId":"cb6e649a-bb24-44c8-81f1-4640eb520a97&^^&RequestInfo","ModelCode":"RequestInfo","ModelName":"RequestInfo","RefId":"cb6e649a-bb24-44c8-81f1-4640eb520a97&^^&RequestInfo","RefCode":"RequestInfo","RefName":"RequestInfo","RefPath":null,"RefFileName":null,"ModelType":1,"In":"Body","IsRequired":false,"ListDeepth":0,"isCollection":false,"isRetVal":false,"isBasicType":false},{"Id":"cb6e649a-bb24-44c8-81f1-4640eb520a97rootId","Code":"rootId","Name":"主表root数据ID","Description":"主表root数据的所属实体数据的唯一标识","ModelId":"string","ModelCode":null,"ModelName":"string","RefId":null,"RefCode":null,"RefName":null,"RefPath":null,"RefFileName":null,"ModelType":0,"In":"Path","IsRequired":true,"ListDeepth":0,"isCollection":false,"isRetVal":false,"isBasicType":true},{"Id":"cb6e649a-bb24-44c8-81f1-4640eb520a97&^^&ResponseInfo","Code":"responseInfo","Name":"响应信息","Description":"响应信息","ModelId":"cb6e649a-bb24-44c8-81f1-4640eb520a97&^^&ResponseInfo","ModelCode":"ResponseInfo","ModelName":"ResponseInfo","RefId":"cb6e649a-bb24-44c8-81f1-4640eb520a97&^^&ResponseInfo","RefCode":"ResponseInfo","RefName":"ResponseInfo","RefPath":null,"RefFileName":null,"ModelType":1,"In":"","IsRequired":true,"ListDeepth":0,"isCollection":false,"isRetVal":true,"isBasicType":false}],"ResourceOpId":"cb6e649a-bb24-44c8-81f1-4640eb520a97&^^&CreateChild##Students","Transaction":false,"AssemblyInfo":null,"Extend1":"Basic","Extend2":"Students","isDeprecated":false},{"Id":"cb6e649a-bb24-44c8-81f1-4640eb520a97&^^&BatchCreateChild##Students","Code":"BatchCreateChild_Students","Name":"批量新增学生","Description":"批量新增学生，可指定字段初始值。","HttpMethod":"POST","Template":"/{rootId}/students/batch","Parameters":[{"Id":"cb6e649a-bb24-44c8-81f1-4640eb520a97&^^&RequestInfo","Code":"requestInfo","Name":"请求信息","Description":"请求信息","ModelId":"cb6e649a-bb24-44c8-81f1-4640eb520a97&^^&RequestInfo","ModelCode":"RequestInfo","ModelName":"RequestInfo","RefId":"cb6e649a-bb24-44c8-81f1-4640eb520a97&^^&RequestInfo","RefCode":"RequestInfo","RefName":"RequestInfo","RefPath":null,"RefFileName":null,"ModelType":1,"In":"Body","IsRequired":false,"ListDeepth":0,"isCollection":false,"isRetVal":false,"isBasicType":false},{"Id":"cb6e649a-bb24-44c8-81f1-4640eb520a97rootId","Code":"rootId","Name":"主表root数据ID","Description":"主表root数据的所属实体数据的唯一标识","ModelId":"string","ModelCode":null,"ModelName":"string","RefId":null,"RefCode":null,"RefName":null,"RefPath":null,"RefFileName":null,"ModelType":0,"In":"Path","IsRequired":true,"ListDeepth":0,"isCollection":false,"isRetVal":false,"isBasicType":true},{"Id":"cb6e649a-bb24-44c8-81f1-4640eb520a97&^^&RetrieveDefaultParam","Code":"retrieveDefaultParam","Name":"默认值","Description":"批量新增从表的默认值","ModelId":"cb6e649a-bb24-44c8-81f1-4640eb520a97&^^&RetrieveDefaultParam","ModelCode":"RetrieveDefaultParam","ModelName":"RetrieveDefaultParam","RefId":"RetrieveDefaultParam","RefCode":"RetrieveDefaultParam","RefName":"RetrieveDefaultParam","RefPath":null,"RefFileName":null,"ModelType":1,"In":"Body","IsRequired":true,"ListDeepth":0,"isCollection":false,"isRetVal":false,"isBasicType":false},{"Id":"cb6e649a-bb24-44c8-81f1-4640eb520a97&^^&ResponseInfo","Code":"responseInfo","Name":"响应信息","Description":"响应信息","ModelId":"cb6e649a-bb24-44c8-81f1-4640eb520a97&^^&ResponseInfo","ModelCode":"ResponseInfo","ModelName":"ResponseInfo","RefId":"cb6e649a-bb24-44c8-81f1-4640eb520a97&^^&ResponseInfo","RefCode":"ResponseInfo","RefName":"ResponseInfo","RefPath":null,"RefFileName":null,"ModelType":1,"In":"","IsRequired":true,"ListDeepth":0,"isCollection":false,"isRetVal":true,"isBasicType":false}],"ResourceOpId":"cb6e649a-bb24-44c8-81f1-4640eb520a97&^^&BatchCreateChild##Students","Transaction":false,"AssemblyInfo":null,"Extend1":"Basic","Extend2":"Students","isDeprecated":false},{"Id":"cb6e649a-bb24-44c8-81f1-4640eb520a97&^^&DeleteChild##Students","Code":"DeleteChild_Students","Name":"删除学生","Description":"删除学生，该操作仅在当前业务上下文中删除，并不会持久化到数据库。后续需调用”保存“操作进行持久化。","HttpMethod":"DELETE","Template":"/{rootId}/students/{studentsId}","Parameters":[{"Id":"cb6e649a-bb24-44c8-81f1-4640eb520a97rootId","Code":"rootId","Name":"主表root数据ID","Description":"主表root数据的所属实体数据的唯一标识","ModelId":"string","ModelCode":null,"ModelName":"string","RefId":null,"RefCode":null,"RefName":null,"RefPath":null,"RefFileName":null,"ModelType":0,"In":"Path","IsRequired":true,"ListDeepth":0,"isCollection":false,"isRetVal":false,"isBasicType":true},{"Id":"cb6e649a-bb24-44c8-81f1-4640eb520a97studentsId","Code":"studentsId","Name":"从表students数据ID","Description":"从表students数据的所属实体数据的唯一标识","ModelId":"string","ModelCode":null,"ModelName":"string","RefId":null,"RefCode":null,"RefName":null,"RefPath":null,"RefFileName":null,"ModelType":0,"In":"Path","IsRequired":true,"ListDeepth":0,"isCollection":false,"isRetVal":false,"isBasicType":true}],"ResourceOpId":"cb6e649a-bb24-44c8-81f1-4640eb520a97&^^&DeleteChild##Students","Transaction":false,"AssemblyInfo":null,"Extend1":"Basic","Extend2":"Students","isDeprecated":false},{"Id":"cb6e649a-bb24-44c8-81f1-4640eb520a97&^^&Extend_Delete","Code":"Extend_Delete","Name":"删除班级","Description":"删除指定的班级。该操作仅在当前业务上下文中删除，并不会持久化到数据库。后续需调用”保存“操作进行持久化，如需要立即持久化，请调用”删除班级并保存“操作。也可通过变更集，在删除过程中修改其他数据，并返回删除过程中产生的其他变更。","HttpMethod":"PUT","Template":"/extension/delete/{dataId}","Parameters":[{"Id":"cb6e649a-bb24-44c8-81f1-4640eb520a97&^^&RequestInfo","Code":"requestInfo","Name":"请求信息","Description":"请求信息","ModelId":"cb6e649a-bb24-44c8-81f1-4640eb520a97&^^&RequestInfo","ModelCode":"RequestInfo","ModelName":"RequestInfo","RefId":"cb6e649a-bb24-44c8-81f1-4640eb520a97&^^&RequestInfo","RefCode":"RequestInfo","RefName":"RequestInfo","RefPath":null,"RefFileName":null,"ModelType":1,"In":"Body","IsRequired":false,"ListDeepth":0,"isCollection":false,"isRetVal":false,"isBasicType":false},{"Id":"cb6e649a-bb24-44c8-81f1-4640eb520a97&^^&DeleteParam","Code":"dataId","Name":"单据内码","Description":"单据内码","ModelId":"string","ModelCode":null,"ModelName":"string","RefId":null,"RefCode":null,"RefName":null,"RefPath":null,"RefFileName":null,"ModelType":0,"In":"Path","IsRequired":false,"ListDeepth":0,"isCollection":false,"isRetVal":false,"isBasicType":true},{"Id":"cb6e649a-bb24-44c8-81f1-4640eb520a97&^^&ResponseInfo","Code":"responseInfo","Name":"响应信息","Description":"响应信息","ModelId":"cb6e649a-bb24-44c8-81f1-4640eb520a97&^^&ResponseInfo","ModelCode":"ResponseInfo","ModelName":"ResponseInfo","RefId":"cb6e649a-bb24-44c8-81f1-4640eb520a97&^^&ResponseInfo","RefCode":"ResponseInfo","RefName":"ResponseInfo","RefPath":null,"RefFileName":null,"ModelType":1,"In":"","IsRequired":true,"ListDeepth":0,"isCollection":false,"isRetVal":true,"isBasicType":false}],"ResourceOpId":"cb6e649a-bb24-44c8-81f1-4640eb520a97&^^&Extend_Delete","Transaction":false,"AssemblyInfo":null,"Extend1":"Basic","Extend2":null,"isDeprecated":false},{"Id":"cb6e649a-bb24-44c8-81f1-4640eb520a97&^^&Extend_BatchDelete","Code":"Extend_BatchDelete","Name":"批量删除班级","Description":"批量删除指定的班级，如删除数据较多，建议使用”批量删除班级“操作。","HttpMethod":"PUT","Template":"/extension/batchdelete","Parameters":[{"Id":"cb6e649a-bb24-44c8-81f1-4640eb520a97&^^&RequestInfo","Code":"requestInfo","Name":"请求信息","Description":"请求信息","ModelId":"cb6e649a-bb24-44c8-81f1-4640eb520a97&^^&RequestInfo","ModelCode":"RequestInfo","ModelName":"RequestInfo","RefId":"cb6e649a-bb24-44c8-81f1-4640eb520a97&^^&RequestInfo","RefCode":"RequestInfo","RefName":"RequestInfo","RefPath":null,"RefFileName":null,"ModelType":1,"In":"Body","IsRequired":false,"ListDeepth":0,"isCollection":false,"isRetVal":false,"isBasicType":false},{"Id":"cb6e649a-bb24-44c8-81f1-4640eb520a97&^^&BatchDeleteParam","Code":"ids","Name":"单据内码列表","Description":"单据内码列表","ModelId":"string","ModelCode":null,"ModelName":"string","RefId":null,"RefCode":null,"RefName":null,"RefPath":null,"RefFileName":null,"ModelType":0,"In":"Query","IsRequired":true,"ListDeepth":0,"isCollection":false,"isRetVal":false,"isBasicType":true},{"Id":"cb6e649a-bb24-44c8-81f1-4640eb520a97&^^&ResponseInfo","Code":"responseInfo","Name":"响应信息","Description":"响应信息","ModelId":"cb6e649a-bb24-44c8-81f1-4640eb520a97&^^&ResponseInfo","ModelCode":"ResponseInfo","ModelName":"ResponseInfo","RefId":"cb6e649a-bb24-44c8-81f1-4640eb520a97&^^&ResponseInfo","RefCode":"ResponseInfo","RefName":"ResponseInfo","RefPath":null,"RefFileName":null,"ModelType":1,"In":"","IsRequired":true,"ListDeepth":0,"isCollection":false,"isRetVal":true,"isBasicType":false}],"ResourceOpId":"cb6e649a-bb24-44c8-81f1-4640eb520a97&^^&Extend_BatchDelete","Transaction":false,"AssemblyInfo":null,"Extend1":"Basic","Extend2":null,"isDeprecated":true},{"Id":"cb6e649a-bb24-44c8-81f1-4640eb520a97&^^&Extension_BatchDeletion","Code":"Extension_BatchDeletion","Name":"批量删除班级","Description":"批量删除指定的班级，该操作仅在当前业务上下文中删除，并不会持久化到数据库。后续需调用”保存“操作进行持久化，如需要立即持久化，请调用”批量删除班级并保存“操作。可在删除过程中，修改其他数据，并返回删除过程中产生的其他变更。","HttpMethod":"PUT","Template":"/extension/batchdeletion","Parameters":[{"Id":"cb6e649a-bb24-44c8-81f1-4640eb520a97&^^&RequestInfo","Code":"requestInfo","Name":"请求信息","Description":"请求信息","ModelId":"cb6e649a-bb24-44c8-81f1-4640eb520a97&^^&RequestInfo","ModelCode":"RequestInfo","ModelName":"RequestInfo","RefId":"cb6e649a-bb24-44c8-81f1-4640eb520a97&^^&RequestInfo","RefCode":"RequestInfo","RefName":"RequestInfo","RefPath":null,"RefFileName":null,"ModelType":1,"In":"Body","IsRequired":false,"ListDeepth":0,"isCollection":false,"isRetVal":false,"isBasicType":false},{"Id":"cb6e649a-bb24-44c8-81f1-4640eb520a97&^^&Ids","Code":"ids","Name":"单据内码集合","Description":"批量删除的内码集合","ModelId":"string","ModelCode":null,"ModelName":"string","RefId":null,"RefCode":null,"RefName":null,"RefPath":null,"RefFileName":null,"ModelType":0,"In":"Body","IsRequired":true,"ListDeepth":1,"isCollection":true,"isRetVal":false,"isBasicType":true},{"Id":"cb6e649a-bb24-44c8-81f1-4640eb520a97&^^&ResponseInfo","Code":"responseInfo","Name":"响应信息","Description":"响应信息","ModelId":"cb6e649a-bb24-44c8-81f1-4640eb520a97&^^&ResponseInfo","ModelCode":"ResponseInfo","ModelName":"ResponseInfo","RefId":"cb6e649a-bb24-44c8-81f1-4640eb520a97&^^&ResponseInfo","RefCode":"ResponseInfo","RefName":"ResponseInfo","RefPath":null,"RefFileName":null,"ModelType":1,"In":"","IsRequired":true,"ListDeepth":0,"isCollection":false,"isRetVal":true,"isBasicType":false}],"ResourceOpId":"cb6e649a-bb24-44c8-81f1-4640eb520a97&^^&Extension_BatchDeletion","Transaction":false,"AssemblyInfo":null,"Extend1":"Basic","Extend2":null,"isDeprecated":false},{"Id":"cb6e649a-bb24-44c8-81f1-4640eb520a97&^^&Extend_Retrieve","Code":"Extend_Retrieve","Name":"检索班级","Description":"检索指定的班级，返回结果中包含班级的所有子表数据。也可通过变更集，在删除过程中修改其他数据，并返回删除过程中产生的其他变更。","HttpMethod":"PUT","Template":"/extension/retrieve/{dataId}","Parameters":[{"Id":"cb6e649a-bb24-44c8-81f1-4640eb520a97&^^&RequestInfo","Code":"requestInfo","Name":"请求信息","Description":"请求信息","ModelId":"cb6e649a-bb24-44c8-81f1-4640eb520a97&^^&RequestInfo","ModelCode":"RequestInfo","ModelName":"RequestInfo","RefId":"cb6e649a-bb24-44c8-81f1-4640eb520a97&^^&RequestInfo","RefCode":"RequestInfo","RefName":"RequestInfo","RefPath":null,"RefFileName":null,"ModelType":1,"In":"Body","IsRequired":false,"ListDeepth":0,"isCollection":false,"isRetVal":false,"isBasicType":false},{"Id":"cb6e649a-bb24-44c8-81f1-4640eb520a97&^^&RetrieveParam","Code":"dataId","Name":"单据内码","Description":"单据内码","ModelId":"string","ModelCode":null,"ModelName":"string","RefId":null,"RefCode":null,"RefName":null,"RefPath":null,"RefFileName":null,"ModelType":0,"In":"Path","IsRequired":true,"ListDeepth":0,"isCollection":false,"isRetVal":false,"isBasicType":true},{"Id":"cb6e649a-bb24-44c8-81f1-4640eb520a97&^^&ResponseInfo","Code":"responseInfo","Name":"响应信息","Description":"响应信息","ModelId":"cb6e649a-bb24-44c8-81f1-4640eb520a97&^^&ResponseInfo","ModelCode":"ResponseInfo","ModelName":"ResponseInfo","RefId":"cb6e649a-bb24-44c8-81f1-4640eb520a97&^^&ResponseInfo","RefCode":"ResponseInfo","RefName":"ResponseInfo","RefPath":null,"RefFileName":null,"ModelType":1,"In":"","IsRequired":true,"ListDeepth":0,"isCollection":false,"isRetVal":true,"isBasicType":false}],"ResourceOpId":"cb6e649a-bb24-44c8-81f1-4640eb520a97&^^&Extend_Retrieve","Transaction":false,"AssemblyInfo":null,"Extend1":"Basic","Extend2":null,"isDeprecated":false},{"Id":"cb6e649a-bb24-44c8-81f1-4640eb520a97&^^&Extend_Query","Code":"Extend_Query","Name":"查询班级","Description":"按照查询条件查询班级。如果查询条件较长，建议使用”查询班级“操作。","HttpMethod":"PUT","Template":"/extension/query","Parameters":[{"Id":"cb6e649a-bb24-44c8-81f1-4640eb520a97&^^&RequestInfo","Code":"requestInfo","Name":"请求信息","Description":"请求信息","ModelId":"cb6e649a-bb24-44c8-81f1-4640eb520a97&^^&RequestInfo","ModelCode":"RequestInfo","ModelName":"RequestInfo","RefId":"cb6e649a-bb24-44c8-81f1-4640eb520a97&^^&RequestInfo","RefCode":"RequestInfo","RefName":"RequestInfo","RefPath":null,"RefFileName":null,"ModelType":1,"In":"Body","IsRequired":false,"ListDeepth":0,"isCollection":false,"isRetVal":false,"isBasicType":false},{"Id":"cb6e649a-bb24-44c8-81f1-4640eb520a97&^^&EntityFilterParam","Code":"entityFilter","Name":"过滤条件","Description":"过滤条件","ModelId":"string","ModelCode":null,"ModelName":"string","RefId":null,"RefCode":null,"RefName":null,"RefPath":null,"RefFileName":null,"ModelType":0,"In":"Query","IsRequired":false,"ListDeepth":0,"isCollection":false,"isRetVal":false,"isBasicType":true},{"Id":"cb6e649a-bb24-44c8-81f1-4640eb520a97&^^&ResponseInfo","Code":"responseInfo","Name":"响应信息","Description":"响应信息","ModelId":"cb6e649a-bb24-44c8-81f1-4640eb520a97&^^&ResponseInfo","ModelCode":"ResponseInfo","ModelName":"ResponseInfo","RefId":"cb6e649a-bb24-44c8-81f1-4640eb520a97&^^&ResponseInfo","RefCode":"ResponseInfo","RefName":"ResponseInfo","RefPath":null,"RefFileName":null,"ModelType":1,"In":"","IsRequired":true,"ListDeepth":0,"isCollection":false,"isRetVal":true,"isBasicType":false}],"ResourceOpId":"cb6e649a-bb24-44c8-81f1-4640eb520a97&^^&Extend_Query","Transaction":false,"AssemblyInfo":null,"Extend1":"Basic","Extend2":null,"isDeprecated":true},{"Id":"cb6e649a-bb24-44c8-81f1-4640eb520a97&^^&Extension_Filter","Code":"Extension_Filter","Name":"查询班级","Description":"按照查询条件查询班级，可指定查询过滤条件、排序字段、设置分页。也可通过变更集，在删除过程中修改其他数据，并返回删除过程中产生的其他变更。","HttpMethod":"POST","Template":"/extension/filter","Parameters":[{"Id":"cb6e649a-bb24-44c8-81f1-4640eb520a97&^^&RequestInfo","Code":"requestInfo","Name":"请求信息","Description":"请求信息","ModelId":"cb6e649a-bb24-44c8-81f1-4640eb520a97&^^&RequestInfo","ModelCode":"RequestInfo","ModelName":"RequestInfo","RefId":"cb6e649a-bb24-44c8-81f1-4640eb520a97&^^&RequestInfo","RefCode":"RequestInfo","RefName":"RequestInfo","RefPath":null,"RefFileName":null,"ModelType":1,"In":"Body","IsRequired":false,"ListDeepth":0,"isCollection":false,"isRetVal":false,"isBasicType":false},{"Id":"cb6e649a-bb24-44c8-81f1-4640eb520a97&^^&EntityFilter","Code":"entityFilter","Name":"过滤条件","Description":"过滤条件","ModelId":"cb6e649a-bb24-44c8-81f1-4640eb520a97&^^&EntityFilter","ModelCode":"EntityFilter","ModelName":"EntityFilter","RefId":"cb6e649a-bb24-44c8-81f1-4640eb520a97&^^&EntityFilter","RefCode":"EntityFilter","RefName":"EntityFilter","RefPath":null,"RefFileName":null,"ModelType":1,"In":"Body","IsRequired":false,"ListDeepth":0,"isCollection":false,"isRetVal":false,"isBasicType":false},{"Id":"cb6e649a-bb24-44c8-81f1-4640eb520a97&^^&ResponseInfo","Code":"responseInfo","Name":"响应信息","Description":"响应信息","ModelId":"cb6e649a-bb24-44c8-81f1-4640eb520a97&^^&ResponseInfo","ModelCode":"ResponseInfo","ModelName":"ResponseInfo","RefId":"cb6e649a-bb24-44c8-81f1-4640eb520a97&^^&ResponseInfo","RefCode":"ResponseInfo","RefName":"ResponseInfo","RefPath":null,"RefFileName":null,"ModelType":1,"In":"","IsRequired":true,"ListDeepth":0,"isCollection":false,"isRetVal":true,"isBasicType":false}],"ResourceOpId":"cb6e649a-bb24-44c8-81f1-4640eb520a97&^^&Extension_Filter","Transaction":false,"AssemblyInfo":null,"Extend1":"Basic","Extend2":null,"isDeprecated":false},{"Id":"cb6e649a-bb24-44c8-81f1-4640eb520a97&^^&Extend_ElementHelp","Code":"Extend_GetElementHelp","Name":"获取字段帮助数据","Description":"获取指定帮助字段的帮助数据，支持班级及其子表的所有帮助字段的帮助数据。也可通过变更集，在删除过程中修改其他数据，并返回删除过程中产生的其他变更。","HttpMethod":"PUT","Template":"/extension/elementhelps","Parameters":[{"Id":"cb6e649a-bb24-44c8-81f1-4640eb520a97&^^&RequestInfo","Code":"requestInfo","Name":"请求信息","Description":"请求信息","ModelId":"cb6e649a-bb24-44c8-81f1-4640eb520a97&^^&RequestInfo","ModelCode":"RequestInfo","ModelName":"RequestInfo","RefId":"cb6e649a-bb24-44c8-81f1-4640eb520a97&^^&RequestInfo","RefCode":"RequestInfo","RefName":"RequestInfo","RefPath":null,"RefFileName":null,"ModelType":1,"In":"Body","IsRequired":false,"ListDeepth":0,"isCollection":false,"isRetVal":false,"isBasicType":false},{"Id":"cb6e649a-bb24-44c8-81f1-4640eb520a97&^^&labelIdParam","Code":"labelId","Name":"标签Id","Description":"标签内码","ModelId":"string","ModelCode":null,"ModelName":"string","RefId":null,"RefCode":null,"RefName":null,"RefPath":null,"RefFileName":null,"ModelType":0,"In":"Body","IsRequired":true,"ListDeepth":0,"isCollection":false,"isRetVal":false,"isBasicType":true},{"Id":"cb6e649a-bb24-44c8-81f1-4640eb520a97&^^&nodeCodeParam","Code":"nodeCode","Name":"节点编号","Description":"节点编号","ModelId":"string","ModelCode":null,"ModelName":"string","RefId":null,"RefCode":null,"RefName":null,"RefPath":null,"RefFileName":null,"ModelType":0,"In":"Body","IsRequired":true,"ListDeepth":0,"isCollection":false,"isRetVal":false,"isBasicType":true},{"Id":"cb6e649a-bb24-44c8-81f1-4640eb520a97&^^&queryParam","Code":"queryParam","Name":"查询参数","Description":"查询参数","ModelId":"cb6e649a-bb24-44c8-81f1-4640eb520a97&^^&LookupQueryParam","ModelCode":"LookupQueryParam","ModelName":"LookupQueryParam","RefId":"cb6e649a-bb24-44c8-81f1-4640eb520a97&^^&LookupQueryParam","RefCode":"LookupQueryParam","RefName":"LookupQueryParam","RefPath":null,"RefFileName":null,"ModelType":1,"In":"Body","IsRequired":true,"ListDeepth":0,"isCollection":false,"isRetVal":false,"isBasicType":true},{"Id":"cb6e649a-bb24-44c8-81f1-4640eb520a97&^^&ResponseInfo","Code":"responseInfo","Name":"响应信息","Description":"响应信息","ModelId":"cb6e649a-bb24-44c8-81f1-4640eb520a97&^^&ResponseInfo","ModelCode":"ResponseInfo","ModelName":"ResponseInfo","RefId":"cb6e649a-bb24-44c8-81f1-4640eb520a97&^^&ResponseInfo","RefCode":"ResponseInfo","RefName":"ResponseInfo","RefPath":null,"RefFileName":null,"ModelType":1,"In":"","IsRequired":true,"ListDeepth":0,"isCollection":false,"isRetVal":true,"isBasicType":false}],"ResourceOpId":"cb6e649a-bb24-44c8-81f1-4640eb520a97&^^&Extend_ElementHelp","Transaction":false,"AssemblyInfo":null,"Extend1":"Basic","Extend2":null,"isDeprecated":false},{"Id":"cb6e649a-bb24-44c8-81f1-4640eb520a97&^^&Extend_DeleteChild##Students","Code":"Extend_DeleteChild_Students","Name":"删除学生","Description":"删除学生，该操作仅在当前业务上下文中删除，并不会持久化到数据库。后续需调用”保存“操作进行持久化。也可通过变更集，在删除过程中修改其他数据，并返回删除过程中产生的其他变更。","HttpMethod":"PUT","Template":"/extension/{rootId}/students/{studentsId}","Parameters":[{"Id":"cb6e649a-bb24-44c8-81f1-4640eb520a97&^^&RequestInfo","Code":"requestInfo","Name":"请求信息","Description":"请求信息","ModelId":"cb6e649a-bb24-44c8-81f1-4640eb520a97&^^&RequestInfo","ModelCode":"RequestInfo","ModelName":"RequestInfo","RefId":"cb6e649a-bb24-44c8-81f1-4640eb520a97&^^&RequestInfo","RefCode":"RequestInfo","RefName":"RequestInfo","RefPath":null,"RefFileName":null,"ModelType":1,"In":"Body","IsRequired":false,"ListDeepth":0,"isCollection":false,"isRetVal":false,"isBasicType":false},{"Id":"cb6e649a-bb24-44c8-81f1-4640eb520a97rootId","Code":"rootId","Name":"主表root数据ID","Description":"主表root数据的所属实体数据的唯一标识","ModelId":"string","ModelCode":null,"ModelName":"string","RefId":null,"RefCode":null,"RefName":null,"RefPath":null,"RefFileName":null,"ModelType":0,"In":"Path","IsRequired":true,"ListDeepth":0,"isCollection":false,"isRetVal":false,"isBasicType":true},{"Id":"cb6e649a-bb24-44c8-81f1-4640eb520a97studentsId","Code":"studentsId","Name":"从表students数据ID","Description":"从表students数据的所属实体数据的唯一标识","ModelId":"string","ModelCode":null,"ModelName":"string","RefId":null,"RefCode":null,"RefName":null,"RefPath":null,"RefFileName":null,"ModelType":0,"In":"Path","IsRequired":true,"ListDeepth":0,"isCollection":false,"isRetVal":false,"isBasicType":true},{"Id":"cb6e649a-bb24-44c8-81f1-4640eb520a97&^^&ResponseInfo","Code":"responseInfo","Name":"响应信息","Description":"响应信息","ModelId":"cb6e649a-bb24-44c8-81f1-4640eb520a97&^^&ResponseInfo","ModelCode":"ResponseInfo","ModelName":"ResponseInfo","RefId":"cb6e649a-bb24-44c8-81f1-4640eb520a97&^^&ResponseInfo","RefCode":"ResponseInfo","RefName":"ResponseInfo","RefPath":null,"RefFileName":null,"ModelType":1,"In":"","IsRequired":true,"ListDeepth":0,"isCollection":false,"isRetVal":true,"isBasicType":false}],"ResourceOpId":"cb6e649a-bb24-44c8-81f1-4640eb520a97&^^&Extend_DeleteChild##Students","Transaction":false,"AssemblyInfo":null,"Extend1":"Basic","Extend2":"Students","isDeprecated":false},{"Id":"cb6e649a-bb24-44c8-81f1-4640eb520a97&^^&Extend_BatchDeleteChild##Students","Code":"Extend_BatchDeleteChild_Students","Name":"批量删除学生","Description":"批量删除学生。","HttpMethod":"PUT","Template":"/extension/{rootId}/students/batch","Parameters":[{"Id":"cb6e649a-bb24-44c8-81f1-4640eb520a97&^^&RequestInfo","Code":"requestInfo","Name":"请求信息","Description":"请求信息","ModelId":"cb6e649a-bb24-44c8-81f1-4640eb520a97&^^&RequestInfo","ModelCode":"RequestInfo","ModelName":"RequestInfo","RefId":"cb6e649a-bb24-44c8-81f1-4640eb520a97&^^&RequestInfo","RefCode":"RequestInfo","RefName":"RequestInfo","RefPath":null,"RefFileName":null,"ModelType":1,"In":"Body","IsRequired":false,"ListDeepth":0,"isCollection":false,"isRetVal":false,"isBasicType":false},{"Id":"cb6e649a-bb24-44c8-81f1-4640eb520a97rootId","Code":"rootId","Name":"主表root数据ID","Description":"主表root数据的所属实体数据的唯一标识","ModelId":"string","ModelCode":null,"ModelName":"string","RefId":null,"RefCode":null,"RefName":null,"RefPath":null,"RefFileName":null,"ModelType":0,"In":"Path","IsRequired":true,"ListDeepth":0,"isCollection":false,"isRetVal":false,"isBasicType":true},{"Id":"cb6e649a-bb24-44c8-81f1-4640eb520a97&^^&Ids","Code":"ids","Name":"内码集合","Description":"批量删除的内码集合","ModelId":"string","ModelCode":null,"ModelName":"string","RefId":null,"RefCode":null,"RefName":null,"RefPath":null,"RefFileName":null,"ModelType":0,"In":"Body","IsRequired":true,"ListDeepth":1,"isCollection":true,"isRetVal":false,"isBasicType":true},{"Id":"cb6e649a-bb24-44c8-81f1-4640eb520a97&^^&ResponseInfo","Code":"responseInfo","Name":"响应信息","Description":"响应信息","ModelId":"cb6e649a-bb24-44c8-81f1-4640eb520a97&^^&ResponseInfo","ModelCode":"ResponseInfo","ModelName":"ResponseInfo","RefId":"cb6e649a-bb24-44c8-81f1-4640eb520a97&^^&ResponseInfo","RefCode":"ResponseInfo","RefName":"ResponseInfo","RefPath":null,"RefFileName":null,"ModelType":1,"In":"","IsRequired":true,"ListDeepth":0,"isCollection":false,"isRetVal":true,"isBasicType":false}],"ResourceOpId":"cb6e649a-bb24-44c8-81f1-4640eb520a97&^^&Extend_BatchDeleteChild##Students","Transaction":false,"AssemblyInfo":null,"Extend1":"Basic","Extend2":"Students","isDeprecated":false}],"Extension":null},"Models":[{"Id":"cb6e649a-bb24-44c8-81f1-4640eb520a97&^^&RequestInfo","Code":"RequestInfo","Name":"RequestInfo","ModelId":"cb6e649a-bb24-44c8-81f1-4640eb520a97&^^&RequestInfo","ModelCode":"RequestInfo","ModelName":"RequestInfo","RelativePath":null,"FileName":null,"ModelType":1},{"Id":"cb6e649a-bb24-44c8-81f1-4640eb520a97&^^&DefaultValue","Code":"DefaultValue","Name":"DefaultValue","ModelId":"cb6e649a-bb24-44c8-81f1-4640eb520a97&^^&DefaultValue","ModelCode":"DefaultValue","ModelName":"DefaultValue","RelativePath":null,"FileName":null,"ModelType":1},{"Id":"cb6e649a-bb24-44c8-81f1-4640eb520a97&^^&ResponseInfo","Code":"ResponseInfo","Name":"ResponseInfo","ModelId":"cb6e649a-bb24-44c8-81f1-4640eb520a97&^^&ResponseInfo","ModelCode":"ResponseInfo","ModelName":"ResponseInfo","RelativePath":null,"FileName":null,"ModelType":1},{"Id":"cb6e649a-bb24-44c8-81f1-4640eb520a97&^^&RetrieveDefaultParam","Code":"RetrieveDefaultParam","Name":"RetrieveDefaultParam","ModelId":"cb6e649a-bb24-44c8-81f1-4640eb520a97&^^&RetrieveDefaultParam","ModelCode":"RetrieveDefaultParam","ModelName":"RetrieveDefaultParam","RelativePath":null,"FileName":null,"ModelType":1},{"Id":"cb6e649a-bb24-44c8-81f1-4640eb520a97&^^&ChangeDetail","Code":"ChangeDetail","Name":"ChangeDetail","ModelId":"cb6e649a-bb24-44c8-81f1-4640eb520a97&^^&ChangeDetail","ModelCode":"ChangeDetail","ModelName":"ChangeDetail","RelativePath":null,"FileName":null,"ModelType":1},{"Id":"f4732730-2e09-446c-b212-12f57fc552f7","Code":"Classes","Name":"班级","ModelId":"cb6e649a-bb24-44c8-81f1-4640eb520a97","ModelCode":"ClassesList_frm","ModelName":"班级列表_frm","RelativePath":null,"FileName":null,"ModelType":0},{"Id":"cb6e649a-bb24-44c8-81f1-4640eb520a97&^^&RetrieveParam","Code":"RetrieveParam","Name":"RetrieveParam","ModelId":"cb6e649a-bb24-44c8-81f1-4640eb520a97&^^&RetrieveParam","ModelCode":"RetrieveParam","ModelName":"RetrieveParam","RelativePath":null,"FileName":null,"ModelType":1},{"Id":"cb6e649a-bb24-44c8-81f1-4640eb520a97&^^&Pagination","Code":"Pagination","Name":"Pagination","ModelId":"cb6e649a-bb24-44c8-81f1-4640eb520a97&^^&Pagination","ModelCode":"Pagination","ModelName":"Pagination","RelativePath":null,"FileName":null,"ModelType":1},{"Id":"cb6e649a-bb24-44c8-81f1-4640eb520a97&^^&LookupResult","Code":"LookupResult","Name":"LookupResult","ModelId":"cb6e649a-bb24-44c8-81f1-4640eb520a97&^^&LookupResult","ModelCode":"LookupResult","ModelName":"LookupResult","RelativePath":null,"FileName":null,"ModelType":1},{"Id":"RetrieveDefaultParam","Code":"RetrieveDefaultParam","Name":"RetrieveDefaultParam","ModelId":"cb6e649a-bb24-44c8-81f1-4640eb520a97&^^&RetrieveDefaultParam","ModelCode":"RetrieveDefaultParam","ModelName":"RetrieveDefaultParam","RelativePath":null,"FileName":null,"ModelType":1},{"Id":"cb6e649a-bb24-44c8-81f1-4640eb520a97&^^&EntityFilter","Code":"EntityFilter","Name":"EntityFilter","ModelId":"cb6e649a-bb24-44c8-81f1-4640eb520a97&^^&EntityFilter","ModelCode":"EntityFilter","ModelName":"EntityFilter","RelativePath":null,"FileName":null,"ModelType":1}],"Router":"/api/apporder/df/v1.0/classeslist_frm","EndPoint":"/apporder/df/v1.0/classeslist_frm"}]