{"root-component":{"name":""},"root-layout":{"name":""},"query-scheme-section":{"name":""},"Section/query-scheme-section/mainTitle":{"name":"主标题"},"Section/query-scheme-section/subTitle":{"name":""},"query-scheme-1":{"name":"默认筛选方案"},"QueryScheme/query-scheme-1/filterText":{"name":"筛选"},"QueryScheme/query-scheme-1/36d70be2-7ddc-486e-ba91-9467271732dc":{"name":"班级编码"},"QueryScheme/query-scheme-1/36d70be2-7ddc-486e-ba91-9467271732dc/placeHolder":{"name":""},"QueryScheme/query-scheme-1/b686a537-68f2-4ab8-99a9-2dd69a2608c0":{"name":"名称"},"QueryScheme/query-scheme-1/b686a537-68f2-4ab8-99a9-2dd69a2608c0/placeHolder":{"name":""},"QueryScheme/query-scheme-1/c8656f99-a03a-41ff-a2ab-d75087e3b37b":{"name":"年级"},"QueryScheme/query-scheme-1/c8656f99-a03a-41ff-a2ab-d75087e3b37b/placeHolder":{"name":""},"QueryScheme/query-scheme-1/c8656f99-a03a-41ff-a2ab-d75087e3b37b/control/enumValues/One":{"name":"一年级"},"QueryScheme/query-scheme-1/c8656f99-a03a-41ff-a2ab-d75087e3b37b/control/enumValues/Two":{"name":"二年级"},"QueryScheme/query-scheme-1/c8656f99-a03a-41ff-a2ab-d75087e3b37b/control/enumValues/Three":{"name":"三年级"},"page-header":{"name":""},"header-nav":{"name":""},"header-title-container":{"name":""},"page-header-title":{"name":""},"title":{"name":"班级列表"},"page-header-toolbar":{"name":""},"button-add":{"name":"新增"},"button-edit":{"name":"编辑"},"button-view":{"name":"查看"},"button-delete":{"name":"删除"},"page-main":{"name":""},"data-grid-component-ref":{"name":""},"data-grid-component":{"name":""},"data-grid-section":{"name":""},"Section/data-grid-section/mainTitle":{"name":""},"Section/data-grid-section/subTitle":{"name":""},"dataGrid":{"name":""},"DataGrid/dataGrid/lineNumberTitle":{"name":""},"DataGrid/dataGrid/OperateEditButton":{"name":"编辑"},"DataGrid/dataGrid/OperateDeleteButton":{"name":"删除"},"DataGrid/dataGrid/OperateColumn":{"name":"操作"},"classesNo_36d70be2_kfez":{"name":"班级编码"},"name_b686a537_wxfk":{"name":"名称"},"grade_c8656f99_bovn":{"name":"年级"},"GridField/grade_c8656f99_bovn/enumData/One":{"name":"一年级"},"GridField/grade_c8656f99_bovn/enumData/Two":{"name":"二年级"},"GridField/grade_c8656f99_bovn/enumData/Three":{"name":"三年级"},"numbers_a721fa54_dpqy":{"name":"人数"}}