{"root-component":{"name":""},"root-layout":{"name":""},"page-header":{"name":""},"header-nav":{"name":""},"header-title-container":{"name":""},"page-header-title":{"name":""},"title":{"name":"班级表单"},"page-header-toolbar":{"name":""},"button-add":{"name":"新增"},"button-edit":{"name":"编辑"},"button-save":{"name":"保存"},"button-cancel":{"name":"取消"},"main-container":{"name":""},"like-card-container":{"name":""},"basic-form-component-ref":{"name":""},"detail-container":{"name":""},"detail-section":{"name":""},"Section/detail-section/mainTitle":{"name":""},"Section/detail-section/subTitle":{"name":""},"detail-tab":{"name":""},"students-tab-page":{"name":"学生"},"students-component-ref":{"name":""},"students-tab-toolbar":{"name":""},"studentsAddButton":{"name":"新增"},"studentsRemoveButton":{"name":"删除"},"basic-form-component":{"name":""},"basic-form-section":{"name":""},"Section/basic-form-section/mainTitle":{"name":"基本信息"},"Section/basic-form-section/subTitle":{"name":""},"basic-form-layout":{"name":""},"classesNo_19a56de0_nxk4":{"name":"班级编码"},"TextBox/classesNo_19a56de0_nxk4/placeHolder":{"name":""},"name_938971b9_be7e":{"name":"名称"},"TextBox/name_938971b9_be7e/placeHolder":{"name":""},"grade_c01d0433_03mc":{"name":"年级"},"EnumField/grade_c01d0433_03mc/placeHolder":{"name":""},"EnumField/grade_c01d0433_03mc/enumData/One":{"name":"一年级"},"EnumField/grade_c01d0433_03mc/enumData/Two":{"name":"二年级"},"EnumField/grade_c01d0433_03mc/enumData/Three":{"name":"三年级"},"numbers_f7b2194e_lxae":{"name":"人数"},"NumberSpinner/numbers_f7b2194e_lxae/placeHolder":{"name":""},"students-component":{"name":""},"students-component-layout":{"name":""},"dataGrid_students":{"name":""},"DataGrid/dataGrid_students/lineNumberTitle":{"name":""},"DataGrid/dataGrid_students/OperateEditButton":{"name":"编辑"},"DataGrid/dataGrid_students/OperateDeleteButton":{"name":"删除"},"DataGrid/dataGrid_students/OperateColumn":{"name":"操作"},"student_Student_StudentNo_fdca4eaa_4555":{"name":"学号"},"GridField/student_Student_StudentNo_fdca4eaa_4555/editor/student_Student_StudentNo_fdca4eaa_nf6e":{"name":"学号"},"GridField/student_Student_StudentNo_fdca4eaa_4555/editor/LookupEdit/student_Student_StudentNo_fdca4eaa_nf6e/placeHolder":{"name":""},"GridField/student_Student_StudentNo_fdca4eaa_4555/editor/LookupEdit/student_Student_StudentNo_fdca4eaa_nf6e/dialogTitle":{"name":""},"student_Student_FullName_d3e582c6_y0gi":{"name":"姓名"},"GridField/student_Student_FullName_d3e582c6_y0gi/editor/student_Student_FullName_d3e582c6_oj8k":{"name":"姓名"},"GridField/student_Student_FullName_d3e582c6_y0gi/editor/TextBox/student_Student_FullName_d3e582c6_oj8k/placeHolder":{"name":""},"job_10b60ce7_tj26":{"name":"职位"},"GridField/job_10b60ce7_tj26/enumData/1":{"name":"班长"},"GridField/job_10b60ce7_tj26/enumData/2":{"name":"体育委员"},"GridField/job_10b60ce7_tj26/enumData/3":{"name":"学生"}}