{"module":{"id":"ClassesForm","code":"ClassesForm","name":"班级表单","caption":"班级表单","type":"Module","creator":"dev","creationDate":"2024-11-18T06:31:27.548Z","updateVersion":"191104","showTitle":true,"bootstrap":"card-template","templateId":"card-template","schemas":[{"eapiId":"2bdf1092-0b5b-4134-8589-c4e011936931","eapiCode":"ClassesForm_frm","eapiName":"班级表单_frm","eapiNameSpace":"Inspur.GS.AppOrder.DF.Classes.Classes.Front","voPath":"AppOrder/DF/Classes/bo-classes-front/metadata/components","voNameSpace":"Inspur.GS.AppOrder.DF.Classes.Classes.Front","name":"班级表单_frm","id":"cf4c3071-09a7-4d8c-87d5-3f78569c2466","code":"ClassesForm_frm","sourceType":"vo","extendProperties":{"enableStdTimeFormat":true},"variables":[],"entities":[{"name":"班级","id":"8dbd9bda-4dba-4895-b091-cb3598937a1a","type":{"$type":"EntityType","fields":[{"$type":"SimpleField","defaultValue":"","editor":{"$type":"TextBox"},"require":true,"multiLanguage":false,"readonly":false,"name":"主键","id":"46deba99-f68d-45bf-b73c-de0267960242","type":{"$type":"StringType","length":36,"name":"String","displayName":"字符串"},"path":"ID","code":"ID","label":"id","originalId":"46deba99-f68d-45bf-b73c-de0267960242","bindingPath":"id","bindingField":"id"},{"$type":"SimpleField","defaultValue":"","editor":{"$type":"DateBox","format":"'yyyy-MM-dd'"},"require":false,"multiLanguage":false,"readonly":false,"name":"版本","id":"f5a394cb-fec2-492b-858f-a0b8735cbc0b","type":{"$type":"DateTimeType","name":"DateTime","displayName":"日期时间"},"path":"Version","code":"Version","label":"version","originalId":"f5a394cb-fec2-492b-858f-a0b8735cbc0b","bindingPath":"version","bindingField":"version"},{"$type":"SimpleField","defaultValue":"","editor":{"$type":"TextBox"},"require":true,"multiLanguage":false,"readonly":false,"name":"班级编码","id":"19a56de0-689c-4dbb-8515-f5bccbd96a52","type":{"$type":"StringType","length":36,"name":"String","displayName":"字符串"},"path":"ClassesNo","code":"ClassesNo","label":"classesNo","originalId":"19a56de0-689c-4dbb-8515-f5bccbd96a52","bindingPath":"classesNo","bindingField":"classesNo"},{"$type":"SimpleField","defaultValue":"","editor":{"$type":"TextBox"},"require":false,"multiLanguage":false,"readonly":false,"name":"名称","id":"938971b9-9557-4796-a708-57b566d59bae","type":{"$type":"StringType","length":36,"name":"String","displayName":"字符串"},"path":"Name","code":"Name","label":"name","originalId":"938971b9-9557-4796-a708-57b566d59bae","bindingPath":"name","bindingField":"name"},{"$type":"SimpleField","defaultValue":"","editor":{"$type":"EnumField"},"require":false,"multiLanguage":false,"readonly":false,"name":"年级","id":"c01d0433-5c73-4f9b-bc9d-f2818b520478","type":{"$type":"EnumType","name":"Enum","displayName":"枚举","enumValues":[{"disabled":false,"name":"一年级","value":"One"},{"disabled":false,"name":"二年级","value":"Two"},{"disabled":false,"name":"三年级","value":"Three"}],"valueType":{"$type":"StringType","length":36,"name":"String","displayName":"字符串"}},"path":"Grade","code":"Grade","label":"grade","originalId":"c01d0433-5c73-4f9b-bc9d-f2818b520478","bindingPath":"grade","bindingField":"grade"},{"$type":"SimpleField","defaultValue":"","editor":{"$type":"NumericBox"},"require":false,"multiLanguage":false,"readonly":false,"name":"人数","id":"f7b2194e-89c1-415d-b062-f581481df977","type":{"$type":"NumericType","length":0,"name":"Number","displayName":"数字","precision":0},"path":"Numbers","code":"Numbers","label":"numbers","originalId":"f7b2194e-89c1-415d-b062-f581481df977","bindingPath":"numbers","bindingField":"numbers"}],"entities":[{"name":"学生","id":"d315afbb-3637-4afa-92d2-73fac81da267","type":{"$type":"EntityType","fields":[{"$type":"SimpleField","defaultValue":"","editor":{"$type":"TextBox"},"require":true,"multiLanguage":false,"readonly":false,"name":"主键","id":"118d4ce8-ff8a-4833-8aad-4188d8fc1235","type":{"$type":"StringType","length":36,"name":"String","displayName":"字符串"},"path":"ID","code":"ID","label":"id","originalId":"118d4ce8-ff8a-4833-8aad-4188d8fc1235","bindingPath":"id","bindingField":"id"},{"$type":"SimpleField","defaultValue":"","editor":{"$type":"TextBox"},"require":true,"multiLanguage":false,"readonly":false,"name":"上级对象主键","id":"d8d5887f-6c47-4aab-bc1e-4168e7815b6d","type":{"$type":"StringType","length":36,"name":"String","displayName":"字符串"},"path":"ParentID","code":"ParentID","label":"parentID","originalId":"d8d5887f-6c47-4aab-bc1e-4168e7815b6d","bindingPath":"parentID","bindingField":"parentID"},{"$type":"ComplexField","name":"学生","id":"95fe029a-8916-4771-a443-932208bc8591","type":{"$type":"EntityType","fields":[{"$type":"SimpleField","defaultValue":"","editor":{"$type":"TextBox"},"require":false,"multiLanguage":false,"readonly":false,"name":"学生","id":"5d0dd68b-a34b-4b28-8622-c9f078fc180d","type":{"$type":"StringType","length":36,"name":"String","displayName":"字符串"},"path":"Student.Student","code":"Student","label":"student","originalId":"5d0dd68b-a34b-4b28-8622-c9f078fc180d","bindingPath":"student.student","bindingField":"student"},{"$type":"SimpleField","defaultValue":"","editor":{"$type":"TextBox"},"require":false,"multiLanguage":false,"readonly":false,"name":"学号","id":"fdca4eaa-5225-48eb-85be-3b418eb38bcb","type":{"$type":"StringType","length":36,"name":"String","displayName":"字符串"},"path":"Student.Student_StudentNo","code":"StudentNo","label":"student_StudentNo","originalId":"fdca4eaa-5225-48eb-85be-3b418eb38bcb","bindingPath":"student.student_StudentNo","bindingField":"student_Student_StudentNo"},{"$type":"SimpleField","defaultValue":"","editor":{"$type":"TextBox"},"require":false,"multiLanguage":false,"readonly":false,"name":"姓名","id":"d3e582c6-84cc-45e5-a607-d3ab721091d5","type":{"$type":"StringType","length":36,"name":"String","displayName":"字符串"},"path":"Student.Student_FullName","code":"FullName","label":"student_FullName","originalId":"d3e582c6-84cc-45e5-a607-d3ab721091d5","bindingPath":"student.student_FullName","bindingField":"student_Student_FullName"}],"entities":[],"primary":"student","name":"Student5d0d","displayName":"学生"},"path":"Student","code":"Student","label":"student","originalId":"95fe029a-8916-4771-a443-932208bc8591","bindingPath":"student","bindingField":"student"},{"$type":"SimpleField","defaultValue":"","editor":{"$type":"EnumField"},"require":false,"multiLanguage":false,"readonly":false,"name":"职位","id":"10b60ce7-218f-4126-8696-cb792574b3ac","type":{"$type":"EnumType","name":"Enum","displayName":"枚举","enumValues":[{"disabled":false,"name":"班长","value":"1"},{"disabled":false,"name":"体育委员","value":"2"},{"disabled":false,"name":"学生","value":"3"}],"valueType":{"$type":"StringType","length":36,"name":"String","displayName":"字符串"}},"path":"Job","code":"Job","label":"job","originalId":"10b60ce7-218f-4126-8696-cb792574b3ac","bindingPath":"job","bindingField":"job"}],"entities":[],"primary":"id","name":"Students","displayName":"学生"},"code":"Students","label":"studentss"}],"primary":"id","name":"Classes","displayName":"班级"},"code":"Classes","label":"classess"}],"sourceUri":"api/apporder/df/v1.0/ClassesForm_frm"}],"states":[],"contents":[],"stateMachines":[{"id":"ClassesForm_state_machine","name":"班级表单_frm","uri":"b737a5c3-7367-4b27-b217-985cfdf3a7c6","code":"ClassesForm_frm","nameSpace":"Inspur.GS.AppOrder.DF.Classes.Classes.Front"}],"viewmodels":[{"id":"root-viewmodel","code":"root-viewmodel","name":"班级","fields":[],"stateMachine":"ClassesForm_state_machine","serviceRefs":[],"commands":[{"id":"e05264fb-796d-43fb-b83b-9e2f3866c328","code":"Load1","name":"执行加载页面后初始方法","params":[{"name":"action","shownName":"初始方法","value":"{UISTATE~/#{root-component}/action}"}],"handlerName":"Load","cmpId":"8172a979-2c80-4637-ace7-b13074d3f393","extensions":[],"isInvalid":false},{"id":"246a275c-88c9-4c8a-aa82-be6a950a4325","code":"LoadAndAdd1","name":"新增一条数据","params":[{"name":"transitionAction","shownName":"状态机动作","value":"Create"}],"handlerName":"LoadAndAdd","cmpId":"8172a979-2c80-4637-ace7-b13074d3f393","extensions":[],"isInvalid":false},{"id":"70acc053-fa15-45be-851c-cf694e1bcaf7","code":"LoadAndView1","name":"查看一条数据","params":[{"name":"id","shownName":"待查看数据的标识","value":"{UISTATE~/#{root-component}/id}"},{"name":"transitionAction","shownName":"状态机动作","value":"Cancel"}],"handlerName":"LoadAndView","cmpId":"8172a979-2c80-4637-ace7-b13074d3f393","extensions":[],"isInvalid":false},{"id":"3e72ee6f-8f7b-4f29-aa0e-5887f2861117","code":"LoadAndEdit1","name":"编辑当前数据","params":[{"name":"id","shownName":"待编辑数据的标识","value":"{UISTATE~/#{root-component}/id}"},{"name":"transitionAction","shownName":"状态机动作","value":"Edit"}],"handlerName":"LoadAndEdit","cmpId":"8172a979-2c80-4637-ace7-b13074d3f393","extensions":[],"isInvalid":false},{"id":"f90aadfa-988c-4da5-a5db-1416c3333794","code":"Add1","name":"新增一条数据","params":[{"name":"transitionAction","shownName":"状态机动作","value":"Create"}],"handlerName":"Add","cmpId":"8172a979-2c80-4637-ace7-b13074d3f393","extensions":[],"isInvalid":false},{"id":"a323e27b-b9c6-4848-93b9-f117403a94ff","code":"Edit1","name":"编辑当前数据","params":[{"name":"transitionAction","shownName":"状态机动作","value":"Edit"}],"handlerName":"Edit","cmpId":"8172a979-2c80-4637-ace7-b13074d3f393","extensions":[],"isInvalid":false},{"id":"31b814db-01e4-407d-8fad-0f08dbb01999","code":"Save1","name":"保存变更","params":[{"name":"transitionAction","shownName":"状态机动作","value":"Cancel"}],"handlerName":"Save","cmpId":"8172a979-2c80-4637-ace7-b13074d3f393","extensions":[],"isInvalid":false},{"id":"4f5ed2ec-8def-4a3c-8e7b-397ea93010e8","code":"Cancel1","name":"取消变更","params":[{"name":"transitionAction","shownName":"状态机动作","value":"Cancel"}],"handlerName":"Cancel","cmpId":"8172a979-2c80-4637-ace7-b13074d3f393","extensions":[],"isInvalid":false},{"id":"c8504c24-33e8-487a-91ce-2218b803fe01","code":"ChangeItem1","name":"切换上一条或下一条1","params":[{"name":"id","shownName":"当前数据标识","value":"{DATA~/#{root-component}/id}"},{"name":"type","shownName":"切换类型(prev|next)","value":"prev"},{"name":"transitionAction","shownName":"状态机动作","value":"Cancel"}],"handlerName":"ChangeItem","cmpId":"8172a979-2c80-4637-ace7-b13074d3f393","extensions":[],"isInvalid":false},{"id":"4a0cfb1a-1262-41a2-aeb9-c8edd5c09683","code":"ChangeItem2","name":"切换上一条或下一条2","params":[{"name":"id","shownName":"当前数据标识","value":"{DATA~/#{root-component}/id}"},{"name":"type","shownName":"切换类型(prev|next)","value":"next"},{"name":"transitionAction","shownName":"状态机动作","value":"Cancel"}],"handlerName":"ChangeItem","cmpId":"8172a979-2c80-4637-ace7-b13074d3f393","extensions":[],"isInvalid":false}],"states":[],"bindTo":"/","enableUnifiedSession":false},{"id":"basic-form-viewmodel","code":"basic-form-viewmodel","name":"班级","fields":[{"type":"Form","id":"19a56de0-689c-4dbb-8515-f5bccbd96a52","fieldName":"classesNo","groupId":null,"groupName":null,"updateOn":"blur"},{"type":"Form","id":"938971b9-9557-4796-a708-57b566d59bae","fieldName":"name","groupId":null,"groupName":null,"updateOn":"blur"},{"type":"Form","id":"c01d0433-5c73-4f9b-bc9d-f2818b520478","fieldName":"grade","groupId":null,"groupName":null,"updateOn":"change"},{"type":"Form","id":"f7b2194e-89c1-415d-b062-f581481df977","fieldName":"numbers","groupId":null,"groupName":null,"updateOn":"blur","fieldSchema":{"readonly":true}}],"serviceRefs":[],"commands":[],"states":[],"bindTo":"/","parent":"root-viewmodel","enableValidation":true},{"id":"students-component-viewmodel","code":"students-component-viewmodel","name":"学生","fields":[{"type":"Form","id":"fdca4eaa-5225-48eb-85be-3b418eb38bcb","fieldName":"student_Student_StudentNo","groupId":null,"groupName":null,"updateOn":"blur","fieldSchema":{"editor":{"$type":"LookupEdit","dataSource":{"uri":"Students.student_Student_StudentNo","displayName":"学生帮助","idField":"id","type":"ViewObject","helpCode":"StudentLookup"},"valueField":"id","textField":"studentNo","displayType":"List","mapFields":"{'id':'student.student','studentNo':'student.student_StudentNo','fullName':'student.student_FullName'}","helpId":"6c19b071-1766-45a3-b9eb-b41392b7df2b"},"name":"学号","require":false,"readonly":false}},{"type":"Form","id":"d3e582c6-84cc-45e5-a607-d3ab721091d5","fieldName":"student_Student_FullName","groupId":null,"groupName":null,"updateOn":"blur"},{"type":"Form","id":"10b60ce7-218f-4126-8696-cb792574b3ac","fieldName":"job","groupId":null,"groupName":null,"updateOn":"change"}],"states":[],"bindTo":"/studentss","parent":"root-viewmodel","commands":[{"id":"d2dad183-3708-4491-ba04-84be91dbdf9b","code":"studentsAddItem1","name":"增加一条子表数据","params":[],"handlerName":"AddItem","cmpId":"8172a979-2c80-4637-ace7-b13074d3f393","extensions":[],"isInvalid":false},{"id":"dfc8e1c2-e910-4f90-bd9d-a493efeec765","code":"studentsRemoveItem1","name":"删除一条子表数据","params":[{"name":"id","shownName":"待删除子表数据的标识","value":"{DATA~/#{students-component}/studentss/id}"}],"handlerName":"RemoveItem","cmpId":"8172a979-2c80-4637-ace7-b13074d3f393","extensions":[],"isInvalid":false}],"serviceRefs":[],"enableValidation":true,"allowEmpty":true,"pagination":{"enable":false}}],"components":[{"id":"root-component","type":"Component","viewModel":"root-viewmodel","componentType":"Frame","onInit":"Load1","contents":[{"id":"root-layout","type":"ContentContainer","appearance":{"class":"f-page f-page-card f-page-is-mainsubcard"},"size":null,"contents":[{"id":"page-header","type":"ContentContainer","appearance":{"class":"f-page-header"},"size":null,"contents":[{"id":"header-nav","type":"ContentContainer","appearance":{"class":"f-page-header-base"},"size":null,"contents":[{"id":"header-title-container","type":"ContentContainer","appearance":{"class":"f-title"},"size":null,"contents":[{"id":"page-header-title","type":"HtmlTemplate","html":"<span class=\"f-title-icon f-text-orna-bill\"><i class=\"f-icon f-icon-page-title-record\"></i></span><h4 class=\"f-title-text\">{{'title'|lang:lang:'班级表单'}}</h4><div class=\"f-title-pagination\"><span class=\"f-icon f-icon-arrow-w\" [ngClass]=\"{'f-state-disabled':!viewModel.stateMachine['canEdit']}\" (click)=\"viewModel.stateMachine['canEdit']&&viewModel.ChangeItem1()\"></span><span class=\"f-icon f-icon-arrow-e\" [ngClass]=\"{'f-state-disabled':!viewModel.stateMachine['canEdit']}\" (click)=\"viewModel.stateMachine['canEdit']&&viewModel.ChangeItem2()\"></span></div>"}],"visible":true,"isScrollspyContainer":false,"isLikeCardContainer":false},{"id":"page-header-toolbar","type":"ToolBar","appearance":{"class":"col-7 f-toolbar"},"size":null,"items":[{"id":"button-add","type":"ToolBarItem","text":"新增","appearance":{"class":"btn-primary"},"disable":"!viewModel.stateMachine['canAdd']","visible":true,"click":"Add1","items":[],"usageMode":"button","modalConfig":null},{"id":"button-edit","type":"ToolBarItem","text":"编辑","appearance":null,"disable":"!viewModel.stateMachine['canEdit']","visible":true,"click":"Edit1","items":[],"usageMode":"button","modalConfig":null},{"id":"button-save","type":"ToolBarItem","text":"保存","appearance":null,"disable":"!viewModel.stateMachine['canSave']","visible":true,"click":"Save1","items":[],"usageMode":"button","modalConfig":null},{"id":"button-cancel","type":"ToolBarItem","text":"取消","appearance":null,"disable":"!viewModel.stateMachine['canCancel']","visible":true,"click":"Cancel1","items":[],"usageMode":"button","modalConfig":null}],"visible":true,"buttonSize":"default","popDirection":"default"}],"visible":true,"isScrollspyContainer":false,"isLikeCardContainer":false}],"visible":true,"isScrollspyContainer":false,"isLikeCardContainer":false},{"id":"main-container","type":"ContentContainer","appearance":{"class":"f-page-main"},"size":null,"contents":[{"id":"like-card-container","type":"ContentContainer","appearance":{"class":"f-struct-like-card"},"size":null,"contents":[{"id":"basic-form-component-ref","type":"ComponentRef","component":"basic-form-component","visible":true},{"id":"detail-container","type":"ContentContainer","appearance":{"class":"f-struct-wrapper"},"size":null,"contents":[{"id":"detail-section","type":"Section","appearance":{"class":"f-section-tabs f-section-in-mainsubcard"},"visible":true,"mainTitle":"","subTitle":"","headerClass":"","titleClass":"","extendedHeaderAreaClass":"","toolbarClass":"","extendedAreaClass":"","contentTemplateClass":"","fill":false,"expanded":true,"enableMaximize":false,"enableAccordion":true,"accordionMode":"default","showHeader":false,"headerTemplate":"","titleTemplate":"","extendedHeaderAreaTemplate":"","toolbarTemplate":"","extendedAreaTemplate":"","contents":[{"id":"detail-tab","type":"Tab","controlSource":"Farris","appearance":{"class":"f-component-tabs f-tabs-has-grid"},"selected":"students-tab-page","size":null,"position":"top","contents":[{"id":"students-tab-page","type":"TabPage","controlSource":"Farris","title":"学生","appearance":null,"size":null,"removeable":false,"headerTemplate":null,"contents":[{"id":"students-component-ref","type":"ComponentRef","component":"students-component","visible":true}],"toolbar":{"id":"students-tab-toolbar","type":"TabToolbar","position":"inHead","contents":[{"id":"studentsAddButton","type":"TabToolbarItem","title":"新增","disable":"!viewModel.stateMachine['canAddDetail']","appearance":{"class":"btn btn-secondary f-btn-ml"},"visible":true,"click":"root-viewmodel.students-component-viewmodel.studentsAddItem1","items":[],"split":false},{"id":"studentsRemoveButton","type":"TabToolbarItem","title":"删除","disable":"!viewModel.stateMachine['canRemoveDetail']","appearance":{"class":"btn btn-secondary f-btn-ml"},"visible":true,"click":"root-viewmodel.students-component-viewmodel.studentsRemoveItem1","items":[],"split":false}]},"visible":true}],"tabChange":null,"tabRemove":null,"contentFill":false,"autoTitleWidth":false,"titleWidth":0,"titleLength":7,"visible":true,"beforeSelect":null}],"isScrollSpyItem":false,"toolbar":{"id":"detail-section-toolbar","type":"SectionToolbar","position":"inHead","contents":[]}}],"visible":true,"isScrollspyContainer":false,"isLikeCardContainer":false}],"visible":true,"draggable":false,"isLikeCardContainer":true,"isScrollspyContainer":false}],"visible":true,"isScrollspyContainer":false,"isLikeCardContainer":false}],"visible":true,"isScrollspyContainer":false,"isLikeCardContainer":false}],"appearance":null,"visible":true,"afterViewInit":null},{"id":"basic-form-component","type":"Component","viewModel":"basic-form-viewmodel","componentType":"form-col-4","appearance":{"class":"f-struct-wrapper"},"onInit":"","contents":[{"id":"basic-form-section","type":"Section","appearance":{"class":"f-section-form f-section-in-mainsubcard"},"visible":true,"mainTitle":"基本信息","subTitle":"","headerClass":"","titleClass":"","extendedHeaderAreaClass":"","toolbarClass":"","extendedAreaClass":"","contentTemplateClass":"","fill":false,"expanded":true,"enableMaximize":false,"enableAccordion":true,"accordionMode":"default","showHeader":true,"headerTemplate":"","titleTemplate":"","extendedHeaderAreaTemplate":"","toolbarTemplate":"","extendedAreaTemplate":"","contents":[{"id":"basic-form-layout","type":"Form","appearance":{"class":"f-form-layout farris-form farris-form-controls-inline"},"size":null,"contents":[{"id":"classesNo_19a56de0_nxk4","type":"TextBox","titleSourceType":"static","title":"班级编码","appearance":{"class":"col-12 col-md-6 col-xl-3 col-el-2"},"size":null,"binding":{"type":"Form","path":"classesNo","field":"19a56de0-689c-4dbb-8515-f5bccbd96a52","fullPath":"ClassesNo"},"readonly":"!viewModel.stateMachine['editable']","require":true,"disable":false,"placeHolder":"","format":null,"validation":null,"value":null,"maxLength":36,"linkedLabelEnabled":false,"linkedLabelClick":null,"visible":true,"holdPlace":false,"isTextArea":true,"isPassword":false,"tabindex":-1,"hasDefaultFocus":false,"focusState":null,"titleWidth":null,"enableTips":true,"path":"classesNo","enableAppend":false,"inputAppendType":"button","inputAppendDisabled":false,"formatValidation":{"type":"none","expression":"","message":""},"autoHeight":false,"maxHeight":500},{"id":"name_938971b9_be7e","type":"TextBox","titleSourceType":"static","title":"名称","appearance":{"class":"col-12 col-md-6 col-xl-3 col-el-2"},"size":null,"binding":{"type":"Form","path":"name","field":"938971b9-9557-4796-a708-57b566d59bae","fullPath":"Name"},"readonly":"!viewModel.stateMachine['editable']","require":false,"disable":false,"placeHolder":"","format":null,"validation":null,"value":null,"maxLength":36,"linkedLabelEnabled":false,"linkedLabelClick":null,"visible":true,"holdPlace":false,"isTextArea":true,"isPassword":false,"tabindex":-1,"hasDefaultFocus":false,"focusState":null,"titleWidth":null,"enableTips":true,"path":"name","enableAppend":false,"inputAppendType":"button","inputAppendDisabled":false,"formatValidation":{"type":"none","expression":"","message":""},"autoHeight":false,"maxHeight":500},{"id":"grade_c01d0433_03mc","type":"EnumField","titleSourceType":"static","title":"年级","controlSource":"Farris","appearance":{"class":"col-12 col-md-6 col-xl-3 col-el-2"},"size":null,"binding":{"type":"Form","path":"grade","field":"c01d0433-5c73-4f9b-bc9d-f2818b520478","fullPath":"Grade"},"placeHolder":"","readonly":"!viewModel.stateMachine['editable']","require":false,"disable":false,"enumData":[{"disabled":false,"name":"一年级","value":"One"},{"disabled":false,"name":"二年级","value":"Two"},{"disabled":false,"name":"三年级","value":"Three"}],"holdPlace":false,"isTextArea":true,"linkedLabelEnabled":false,"linkedLabelClick":null,"visible":true,"tabindex":-1,"hasDefaultFocus":false,"focusState":null,"titleWidth":null,"idField":"value","textField":"name","multiSelect":false,"uri":"","autoWidth":true,"enableClear":false,"onClear":null,"valueChanged":null,"onShown":null,"onHidden":null,"editable":false,"enableCancelSelected":false,"beforeShow":null,"beforeHide":null,"dataSourceType":"static","path":"grade","viewType":"text","noSearch":false,"maxSearchLength":null,"enableAppend":false,"inputAppendType":"button","inputAppendDisabled":false,"autoHeight":false,"maxHeight":500,"showDisabledItem":true},{"id":"numbers_f7b2194e_lxae","type":"NumericBox","titleSourceType":"static","title":"人数","controlSource":"Farris","appearance":{"class":"col-12 col-md-6 col-xl-3 col-el-2"},"size":null,"binding":{"type":"Form","path":"numbers","field":"f7b2194e-89c1-415d-b062-f581481df977","fullPath":"Numbers"},"readonly":true,"require":false,"disable":false,"placeHolder":"","textAlign":"left","precisionSourceType":"static","precision":0,"validation":null,"maxValue":null,"minValue":null,"step":1,"useThousands":true,"formatter":null,"parser":null,"canNull":true,"bigNumber":false,"maxLength":0,"holdPlace":false,"linkedLabelEnabled":false,"linkedLabelClick":null,"visible":true,"isTextArea":true,"tabindex":-1,"hasDefaultFocus":false,"focusState":null,"titleWidth":null,"showZero":true,"showButton":true,"path":"numbers","localization":false,"enableAppend":false,"inputAppendType":"button","inputAppendDisabled":false,"autoHeight":false,"maxHeight":500,"labelAutoOverflow":false,"updateOn":"blur"}],"controlsInline":true,"formAutoIntl":true,"visible":true,"labelAutoOverflow":false}],"isScrollSpyItem":false,"toolbar":{"type":"SectionToolbar","position":"inHead","contents":[]}}],"visible":true,"afterViewInit":null},{"id":"students-component","type":"Component","viewModel":"students-component-viewmodel","appearance":{"class":"f-struct-is-subgrid"},"contents":[{"id":"students-component-layout","type":"ContentContainer","appearance":{"class":"f-grid-is-sub f-utils-flex-column"},"size":null,"contents":[{"id":"dataGrid_students","type":"DataGrid","controlSource":"Farris","dataSource":"studentss","fields":[{"id":"student_Student_StudentNo_fdca4eaa_4555","type":"GridField","controlSource":"Farris","caption":"学号","captionTemplate":null,"dataField":"student.student_StudentNo","dataType":"string","binding":{"type":"Form","path":"student_Student_StudentNo","field":"fdca4eaa-5225-48eb-85be-3b418eb38bcb","fullPath":"Student.Student_StudentNo"},"enumData":null,"appearance":null,"size":{"width":120},"displayTemplate":null,"editor":{"id":"student_Student_StudentNo_fdca4eaa_nf6e","type":"LookupEdit","titleSourceType":"static","title":"学号","appearance":{"class":""},"size":null,"binding":{"type":"Form","path":"student_Student_StudentNo","field":"fdca4eaa-5225-48eb-85be-3b418eb38bcb","fullPath":"Student.Student_StudentNo"},"require":false,"disable":false,"placeHolder":"","dataSource":{"uri":"Students.student_Student_StudentNo","displayName":"学生帮助","idField":"id","type":"ViewObject","helpCode":"StudentLookup"},"textField":"studentNo","valueField":"id","displayType":"List","multiSelect":false,"pageList":"10,20,30,50","pageSize":20,"pageIndex":null,"pagination":null,"dialogTitle":"","showMaxButton":null,"showCloseButton":null,"resizable":null,"buttonAlign":null,"mapFields":"{'id':'student.student','studentNo':'student.student_StudentNo','fullName':'student.student_FullName'}","lookupStyle":"popup","holdPlace":false,"isTextArea":true,"useTip":false,"useFavorite":true,"noSearch":false,"maxSearchLength":36,"enableToSelect":true,"isRecordSize":false,"lookupPicking":null,"lookupPicked":null,"linkedLabelEnabled":false,"linkedLabelClick":null,"visible":true,"enableExtendLoadMethod":true,"editable":false,"enableFullTree":false,"enableClear":true,"clear":null,"loadTreeDataType":"default","expandLevel":-1,"enableCascade":false,"cascadeStatus":"enable","onShown":null,"onHidden":null,"beforeShow":null,"beforeHide":null,"tabindex":-1,"hasDefaultFocus":false,"focusState":null,"titleWidth":null,"textAlign":"left","useExtendInfo":false,"extInfoFields":null,"extInfoFormatter":null,"customFormatter":null,"customNavFormatter":null,"selectFirstInNav":false,"loadDataWhenOpen":true,"onlySelectLeaf":"default","viewType":"text","autoHeight":false,"maxHeight":500,"autoWidth":true,"showHeader":true,"beforeSelectData":null,"enableAppend":false,"inputAppendType":"button","inputAppendDisabled":false,"enableContextMenu":false,"quickSelect":{"enable":false,"showItemsCount":10,"formatter":null,"showMore":true},"treeToList":false,"navTreeToList":false,"showNavigation":true,"showCascadeControl":true,"linkConfig":{"enable":false,"config":[]},"showSelected":false,"useNewLayout":false,"enableMultiFieldSearch":false,"separator":",","path":"student.student_StudentNo","isRTControl":false,"updateOn":"blur","helpId":"6c19b071-1766-45a3-b9eb-b41392b7df2b"},"draggable":false,"frozen":"none","sortable":true,"sortOrder":null,"resizeable":true,"aggregate":{"type":"none","formatter":{"type":"none"}},"groupAggregate":{"type":"none","formatter":{"type":"none"}},"styler":"","colTemplate":"","linkedLabelEnabled":false,"linkedLabelClick":null,"textAlign":"left","hAlign":"left","vAlign":"middle","formatter":{"type":"none"},"showTips":false,"tipContent":null,"multiLanguage":false,"enableFilter":false,"headerStyler":"","localization":false,"idField":"value","textField":"name","readonly":false,"visible":true,"allowGrouping":true,"tipMode":"auto","captionTipContent":"","captionTipStyler":"","enableBatchEdit":false,"localizationType":"Date"},{"id":"student_Student_FullName_d3e582c6_y0gi","type":"GridField","controlSource":"Farris","caption":"姓名","captionTemplate":null,"dataField":"student.student_FullName","dataType":"string","binding":{"type":"Form","path":"student_Student_FullName","field":"d3e582c6-84cc-45e5-a607-d3ab721091d5","fullPath":"Student.Student_FullName"},"enumData":null,"appearance":null,"size":{"width":120},"displayTemplate":null,"editor":{"id":"student_Student_FullName_d3e582c6_oj8k","type":"TextBox","titleSourceType":"static","title":"姓名","appearance":null,"size":null,"binding":{"type":"Form","path":"student_Student_FullName","field":"d3e582c6-84cc-45e5-a607-d3ab721091d5"},"readonly":false,"require":false,"disable":false,"placeHolder":"","format":null,"validation":null,"value":null,"maxLength":36,"linkedLabelEnabled":false,"linkedLabelClick":null,"visible":true,"holdPlace":false,"isTextArea":true,"isPassword":false,"tabindex":-1,"hasDefaultFocus":false,"focusState":null,"titleWidth":null,"enableTips":true,"path":"student.student_FullName","enableAppend":false,"inputAppendType":"button","inputAppendDisabled":false,"formatValidation":{"type":"none","expression":"","message":""},"autoHeight":false,"maxHeight":500},"draggable":false,"frozen":"none","sortable":true,"sortOrder":null,"resizeable":true,"aggregate":{"type":"none","formatter":{"type":"none"}},"groupAggregate":{"type":"none","formatter":{"type":"none"}},"styler":"","colTemplate":"","linkedLabelEnabled":false,"linkedLabelClick":null,"textAlign":"left","hAlign":"left","vAlign":"middle","formatter":{"type":"none"},"showTips":false,"tipContent":null,"multiLanguage":false,"enableFilter":false,"headerStyler":"","localization":false,"idField":"value","textField":"name","readonly":false,"visible":true,"allowGrouping":true,"tipMode":"auto","captionTipContent":"","captionTipStyler":"","enableBatchEdit":false,"localizationType":"Date"},{"id":"job_10b60ce7_tj26","type":"GridField","controlSource":"Farris","caption":"职位","captionTemplate":null,"dataField":"job","dataType":"enum","binding":{"type":"Form","path":"job","field":"10b60ce7-218f-4126-8696-cb792574b3ac","fullPath":"Job"},"enumData":[{"disabled":false,"name":"班长","value":"1"},{"disabled":false,"name":"体育委员","value":"2"},{"disabled":false,"name":"学生","value":"3"}],"appearance":null,"size":{"width":120},"displayTemplate":null,"editor":{"id":"job_10b60ce7_ke7p","type":"EnumField","titleSourceType":"static","title":"职位","controlSource":"Farris","appearance":null,"size":null,"binding":{"type":"Form","path":"job","field":"10b60ce7-218f-4126-8696-cb792574b3ac"},"placeHolder":"","readonly":false,"require":false,"disable":false,"enumData":[{"disabled":false,"name":"班长","value":"1"},{"disabled":false,"name":"体育委员","value":"2"},{"disabled":false,"name":"学生","value":"3"}],"holdPlace":false,"isTextArea":true,"linkedLabelEnabled":false,"linkedLabelClick":null,"visible":true,"tabindex":-1,"hasDefaultFocus":false,"focusState":null,"titleWidth":null,"idField":"value","textField":"name","multiSelect":false,"uri":"","autoWidth":true,"enableClear":false,"onClear":null,"valueChanged":null,"onShown":null,"onHidden":null,"editable":false,"enableCancelSelected":false,"beforeShow":null,"beforeHide":null,"dataSourceType":"static","path":"job","viewType":"text","noSearch":false,"maxSearchLength":null,"enableAppend":false,"inputAppendType":"button","inputAppendDisabled":false,"autoHeight":false,"maxHeight":500,"showDisabledItem":true},"draggable":false,"frozen":"none","sortable":true,"sortOrder":null,"resizeable":true,"aggregate":{"type":"none","formatter":{"type":"none"}},"groupAggregate":{"type":"none","formatter":{"type":"none"}},"styler":"","colTemplate":"","linkedLabelEnabled":false,"linkedLabelClick":null,"textAlign":"left","hAlign":"left","vAlign":"middle","formatter":{"type":"none"},"showTips":false,"tipContent":null,"multiLanguage":false,"enableFilter":false,"headerStyler":"","localization":false,"idField":"value","textField":"name","readonly":false,"visible":true,"allowGrouping":true,"tipMode":"auto","captionTipContent":"","captionTipStyler":"","enableBatchEdit":false}],"appearance":{"class":"f-component-grid f-utils-fill"},"size":null,"disable":false,"focusedItem":null,"focusedIndex":null,"pagination":false,"lockPagination":"viewModel.stateMachine&&viewModel.stateMachine['editable']","showPageList":false,"identifyField":null,"multiSelect":false,"showCheckbox":false,"showAllCheckbox":false,"checkOnSelect":false,"selectOnCheck":false,"selectable":null,"itemTemplate":null,"toolBar":null,"summary":null,"groupable":false,"group":null,"showGroupColumn":true,"groupFormatter":null,"groupStyler":null,"groupFooter":false,"editable":"viewModel.stateMachine['editable']","fieldEditable":true,"fitColumns":false,"autoFitColumns":false,"multiSort":false,"showBorder":false,"striped":true,"onSelectionChange":"","styler":"","showLineNumber":false,"appendRow":"studentsAddItem1","pageChange":null,"disableRow":null,"beforeSelect":null,"beforeUnSelect":null,"beforeCheck":null,"beforeUnCheck":null,"dblClickRow":null,"virtualized":false,"showFooter":false,"footerTemplate":"","footerDataFrom":"client","footerDataCommand":null,"footerHeight":29,"enableFilterRow":false,"remoteFilter":false,"showFilterBar":false,"useControlPanel":false,"autoHeight":false,"rowClick":null,"showSelectedList":false,"selectedItemFormatter":null,"lineNumberWidth":36,"enableMorePageSelect":false,"headerWrap":false,"emptyTemplate":null,"emptyDataHeight":240,"rowHeight":30,"showPageSize":false,"fixedColumns":[],"enableCommandColumn":false,"onEditClicked":"","onDeleteClicked":"","commandColumnWidth":120,"showCommandColumn":true,"checkedChange":null,"filterType":"none","enableSmartFilter":false,"lineNumberTitle":"","maxHeight":300,"enableHighlightCell":false,"enableEditCellStyle":false,"showRowGroupPanel":false,"enableDragColumn":false,"groupSummaryPosition":"groupFooterRow","clearSelectionsWhenDataIsEmpty":true,"keepSelect":true,"enableEditByCard":"none","pageSizeChanged":null,"visible":true,"showGotoInput":false,"scrollBarShowMode":"auto","showScrollArrow":false,"footerPosition":"bottom","footerStyler":null,"selectOnEditing":false,"selectionMode":"default","enableContextMenu":false,"disableGroupOnEditing":true,"enableSimpleMode":false,"enableScheme":false,"beforeEdit":null,"nowrap":true,"mergeCell":false,"remoteSort":false,"columnSorted":null,"enableHeaderGroup":false,"headerGroup":null,"AutoColumnWidthUseDblclick":true,"virtualizedAsyncLoad":false,"scrollYLoad":null,"pagerContentTemplate":null,"expandGroupRows":true,"useBlankWhenDataIsEmpty":false,"checked":null,"unChecked":null,"checkAll":null,"unCheckAll":null,"filterChanged":null,"enableEditStateFilterSorting":false,"showConfirmWhenSchemeChanged":false,"enableSetMultiHeaders":false,"allowEmpty":true}],"visible":true,"isScrollspyContainer":false,"isLikeCardContainer":false}],"componentType":"dataGrid","visible":true,"onInit":null,"afterViewInit":null}],"webcmds":[{"id":"8172a979-2c80-4637-ace7-b13074d3f393","path":"/projects/packages/Inspur.GS.Gsp.Web.WebCmp/webcmd","name":"CardController.webcmd","refedHandlers":[{"host":"e05264fb-796d-43fb-b83b-9e2f3866c328","handler":"Load"},{"host":"246a275c-88c9-4c8a-aa82-be6a950a4325","handler":"LoadAndAdd"},{"host":"70acc053-fa15-45be-851c-cf694e1bcaf7","handler":"LoadAndView"},{"host":"3e72ee6f-8f7b-4f29-aa0e-5887f2861117","handler":"LoadAndEdit"},{"host":"f90aadfa-988c-4da5-a5db-1416c3333794","handler":"Add"},{"host":"a323e27b-b9c6-4848-93b9-f117403a94ff","handler":"Edit"},{"host":"31b814db-01e4-407d-8fad-0f08dbb01999","handler":"Save"},{"host":"4f5ed2ec-8def-4a3c-8e7b-397ea93010e8","handler":"Cancel"},{"host":"c8504c24-33e8-487a-91ce-2218b803fe01","handler":"ChangeItem"},{"host":"4a0cfb1a-1262-41a2-aeb9-c8edd5c09683","handler":"ChangeItem"},{"host":"d2dad183-3708-4491-ba04-84be91dbdf9b","handler":"AddItem"},{"host":"dfc8e1c2-e910-4f90-bd9d-a493efeec765","handler":"RemoveItem"}],"code":"CardController","nameSpace":"Inspur.GS.Gsp.Web.WebCmp"}],"serviceRefs":[],"projectName":"bo-classes-front","showType":"page","toolbar":{"items":{},"configs":{}},"declarations":{"events":[],"commands":[],"states":[]},"subscriptions":[],"extraImports":[],"expressions":[{"fieldId":"f7b2194e-89c1-415d-b062-f581481df977","expression":[{"id":"f7b2194e-89c1-415d-b062-f581481df977_compute","type":"compute","value":"{\"expr\":\"DefaultFunction.CountByProp(\\\"Classes.studentss\\\",\\\"id\\\")\",\"sexpr\":\"\"}"}]}],"metadataId":"d8c0b41d-b323-4f0a-acf6-340fe0cabc5d","actions":[{"sourceComponent":{"id":"button-add","viewModelId":"root-viewmodel","map":[{"event":{"label":"click","name":"点击事件"},"targetComponent":{"id":"root-component","viewModelId":"root-viewmodel"},"command":{"id":"f90aadfa-988c-4da5-a5db-1416c3333794","label":"Add1","name":"新增一条数据","handlerName":"Add","params":[{"name":"transitionAction","shownName":"状态机动作","value":"Create"}],"cmpId":"8172a979-2c80-4637-ace7-b13074d3f393","isNewGenerated":false,"isInvalid":false},"controller":{"id":"8172a979-2c80-4637-ace7-b13074d3f393","label":"CardController","name":"卡片控制器"}}]}},{"sourceComponent":{"id":"button-edit","viewModelId":"root-viewmodel","map":[{"event":{"label":"click","name":"点击事件"},"targetComponent":{"id":"root-component","viewModelId":"root-viewmodel"},"command":{"id":"a323e27b-b9c6-4848-93b9-f117403a94ff","label":"Edit1","name":"编辑当前数据","handlerName":"Edit","params":[{"name":"transitionAction","shownName":"状态机动作","value":"Edit"}],"cmpId":"8172a979-2c80-4637-ace7-b13074d3f393","isNewGenerated":false,"isInvalid":false},"controller":{"id":"8172a979-2c80-4637-ace7-b13074d3f393","label":"CardController","name":"卡片控制器"}}]}},{"sourceComponent":{"id":"button-save","viewModelId":"root-viewmodel","map":[{"event":{"label":"click","name":"点击事件"},"targetComponent":{"id":"root-component","viewModelId":"root-viewmodel"},"command":{"id":"31b814db-01e4-407d-8fad-0f08dbb01999","label":"Save1","name":"保存变更","handlerName":"Save","params":[{"name":"transitionAction","shownName":"状态机动作","value":"Cancel"}],"cmpId":"8172a979-2c80-4637-ace7-b13074d3f393","isNewGenerated":false,"isInvalid":false},"controller":{"id":"8172a979-2c80-4637-ace7-b13074d3f393","label":"CardController","name":"卡片控制器"}}]}},{"sourceComponent":{"id":"button-cancel","viewModelId":"root-viewmodel","map":[{"event":{"label":"click","name":"点击事件"},"targetComponent":{"id":"root-component","viewModelId":"root-viewmodel"},"command":{"id":"4f5ed2ec-8def-4a3c-8e7b-397ea93010e8","label":"Cancel1","name":"取消变更","handlerName":"Cancel","params":[{"name":"transitionAction","shownName":"状态机动作","value":"Cancel"}],"cmpId":"8172a979-2c80-4637-ace7-b13074d3f393","isNewGenerated":false,"isInvalid":false},"controller":{"id":"8172a979-2c80-4637-ace7-b13074d3f393","label":"CardController","name":"卡片控制器"}}]}},{"sourceComponent":{"id":"studentsAddButton","viewModelId":"students-component-viewmodel","map":[{"event":{"label":"click","name":"点击事件"},"targetComponent":{"id":"students-component","viewModelId":"students-component-viewmodel"},"command":{"id":"d2dad183-3708-4491-ba04-84be91dbdf9b","label":"studentsAddItem1","name":"增加一条子表数据","handlerName":"AddItem","params":[],"cmpId":"8172a979-2c80-4637-ace7-b13074d3f393","isNewGenerated":false,"isInvalid":false},"controller":{"id":"8172a979-2c80-4637-ace7-b13074d3f393","label":"CardController","name":"卡片控制器"}}]}},{"sourceComponent":{"id":"studentsRemoveButton","viewModelId":"students-component-viewmodel","map":[{"event":{"label":"click","name":"点击事件"},"targetComponent":{"id":"students-component","viewModelId":"students-component-viewmodel"},"command":{"id":"dfc8e1c2-e910-4f90-bd9d-a493efeec765","label":"studentsRemoveItem1","name":"删除一条子表数据","handlerName":"RemoveItem","params":[{"name":"id","shownName":"待删除子表数据的标识","value":"{DATA~/#{students-component}/studentss/id}"}],"cmpId":"8172a979-2c80-4637-ace7-b13074d3f393","isNewGenerated":false,"isInvalid":false},"controller":{"id":"8172a979-2c80-4637-ace7-b13074d3f393","label":"CardController","name":"卡片控制器"}}]}},{"sourceComponent":{"id":"root-component","viewModelId":"root-viewmodel","map":[{"event":{"label":"onInit","name":"初始化事件"},"targetComponent":{"id":"root-component","viewModelId":"root-viewmodel"},"command":{"id":"e05264fb-796d-43fb-b83b-9e2f3866c328","label":"Load1","name":"执行加载页面后初始方法","handlerName":"Load","params":[{"name":"action","shownName":"初始方法","value":"{UISTATE~/#{root-component}/action}"}],"cmpId":"8172a979-2c80-4637-ace7-b13074d3f393","isNewGenerated":false,"isInvalid":false},"controller":{"id":"8172a979-2c80-4637-ace7-b13074d3f393","label":"CardController","name":"卡片控制器"}}]}},{"sourceComponent":{"id":"dataGrid_students","viewModelId":"students-component-viewmodel","map":[{"event":{"label":"appendRow","name":"回车新增行事件"},"targetComponent":{"id":"students-component","viewModelId":"students-component-viewmodel"},"command":{"id":"d2dad183-3708-4491-ba04-84be91dbdf9b","label":"studentsAddItem1","name":"增加一条子表数据","handlerName":"AddItem","params":[],"cmpId":"8172a979-2c80-4637-ace7-b13074d3f393","isNewGenerated":false,"isInvalid":false},"controller":{"id":"8172a979-2c80-4637-ace7-b13074d3f393","label":"CardController","name":"卡片控制器"}}]}}]},"options":{"enableTextArea":true,"renderMode":"compile","enableDeleteSourceCode":true,"changeSetPolicy":"valid","enableServerSideChangeDetection":true}}