[{"Code":"ClassesForm_frm","Name":"班级表单_frm","Id":"2bdf1092-0b5b-4134-8589-c4e011936931","Version":"1.0","Description":"班级表单_frm服务","BizObject":"eeb71cf4-ae07-2390-7d16-093be04b83bf","CriticalApplication":"apporder","ServiceUnit":"df","RouteUrl":"classesform_frm","Service":{"Id":"0912623e-836b-4bca-a72b-11240e6198fa","ResourceId":"cf4c3071-09a7-4d8c-87d5-3f78569c2466","ResourceType":"VO","ResourceCode":"com.inspur.gs.apporder.df.classes.classes.front.vo.ClassesForm_frm","ResourceName":"班级表单_frm","ResourceNameSpace":"Inspur.GS.AppOrder.DF.Classes.Classes.Front","ResourcePath":null,"ResourceFileName":null,"Operations":[{"Id":"cf4c3071-09a7-4d8c-87d5-3f78569c2466&^^&CreateSession","Code":"CreateSession","Name":"创建业务上下文","Description":"在调用该服务其他操作前，应该首先调用该操作创建业务上下文。在业务上下文存在期间，所有通过该服务修改的数据均被锁定，其他业务上下文无法修改。","HttpMethod":"POST","Template":"service/createsession","Parameters":[{"Id":"cf4c3071-09a7-4d8c-87d5-3f78569c2466&^^&CreateSessionParam","Code":"sessionId","Name":"sessionId","Description":"功能sessionId","ModelId":"string","ModelCode":null,"ModelName":"string","RefId":null,"RefCode":null,"RefName":null,"RefPath":null,"RefFileName":null,"ModelType":0,"In":"","IsRequired":true,"ListDeepth":0,"isCollection":false,"isRetVal":true,"isBasicType":true}],"ResourceOpId":"cf4c3071-09a7-4d8c-87d5-3f78569c2466&^^&CreateSession","Transaction":false,"AssemblyInfo":null,"Extend1":"Basic","Extend2":null,"isDeprecated":false},{"Id":"cf4c3071-09a7-4d8c-87d5-3f78569c2466&^^&CloseSession","Code":"CloseSession","Name":"关闭业务上下文","Description":"在调用该服务的其他操作完成业务功能后，应该调用该操作关闭业务上下文，否则该业务上下文内修改的数据将保持锁定状态，无法被其他用户修改。","HttpMethod":"POST","Template":"service/closesession","Parameters":null,"ResourceOpId":"cf4c3071-09a7-4d8c-87d5-3f78569c2466&^^&CloseSession","Transaction":false,"AssemblyInfo":null,"Extend1":"Basic","Extend2":null,"isDeprecated":false},{"Id":"cf4c3071-09a7-4d8c-87d5-3f78569c2466&^^&Create","Code":"Create","Name":"新增班级","Description":"新增班级，可指定字段初始值。","HttpMethod":"POST","Template":"","Parameters":[{"Id":"cf4c3071-09a7-4d8c-87d5-3f78569c2466&^^&RequestInfo","Code":"requestInfo","Name":"请求信息","Description":"请求信息","ModelId":"cf4c3071-09a7-4d8c-87d5-3f78569c2466&^^&RequestInfo","ModelCode":"RequestInfo","ModelName":"RequestInfo","RefId":"cf4c3071-09a7-4d8c-87d5-3f78569c2466&^^&RequestInfo","RefCode":"RequestInfo","RefName":"RequestInfo","RefPath":null,"RefFileName":null,"ModelType":1,"In":"Body","IsRequired":false,"ListDeepth":0,"isCollection":false,"isRetVal":false,"isBasicType":false},{"Id":"cf4c3071-09a7-4d8c-87d5-3f78569c2466&^^&defaultValue","Code":"defaultValue","Name":"默认值","Description":"默认值","ModelId":"cf4c3071-09a7-4d8c-87d5-3f78569c2466&^^&DefaultValue","ModelCode":"DefaultValue","ModelName":"DefaultValue","RefId":"cf4c3071-09a7-4d8c-87d5-3f78569c2466&^^&DefaultValue","RefCode":"DefaultValue","RefName":"DefaultValue","RefPath":null,"RefFileName":null,"ModelType":1,"In":"Body","IsRequired":false,"ListDeepth":0,"isCollection":false,"isRetVal":false,"isBasicType":false},{"Id":"cf4c3071-09a7-4d8c-87d5-3f78569c2466&^^&ResponseInfo","Code":"responseInfo","Name":"响应信息","Description":"响应信息","ModelId":"cf4c3071-09a7-4d8c-87d5-3f78569c2466&^^&ResponseInfo","ModelCode":"ResponseInfo","ModelName":"ResponseInfo","RefId":"cf4c3071-09a7-4d8c-87d5-3f78569c2466&^^&ResponseInfo","RefCode":"ResponseInfo","RefName":"ResponseInfo","RefPath":null,"RefFileName":null,"ModelType":1,"In":"","IsRequired":true,"ListDeepth":0,"isCollection":false,"isRetVal":true,"isBasicType":false}],"ResourceOpId":"cf4c3071-09a7-4d8c-87d5-3f78569c2466&^^&Create","Transaction":false,"AssemblyInfo":null,"Extend1":"Basic","Extend2":null,"isDeprecated":false},{"Id":"cf4c3071-09a7-4d8c-87d5-3f78569c2466&^^&BatchCreate","Code":"BatchCreate","Name":"批量新增班级","Description":"批量新增班级，可指定字段初始值。","HttpMethod":"POST","Template":"/batch","Parameters":[{"Id":"cf4c3071-09a7-4d8c-87d5-3f78569c2466&^^&RequestInfo","Code":"requestInfo","Name":"请求信息","Description":"请求信息","ModelId":"cf4c3071-09a7-4d8c-87d5-3f78569c2466&^^&RequestInfo","ModelCode":"RequestInfo","ModelName":"RequestInfo","RefId":"cf4c3071-09a7-4d8c-87d5-3f78569c2466&^^&RequestInfo","RefCode":"RequestInfo","RefName":"RequestInfo","RefPath":null,"RefFileName":null,"ModelType":1,"In":"Body","IsRequired":true,"ListDeepth":0,"isCollection":false,"isRetVal":false,"isBasicType":false},{"Id":"cf4c3071-09a7-4d8c-87d5-3f78569c2466&^^&retrieveDefaultParam","Code":"retrieveDefaultParam","Name":"默认值","Description":"默认值","ModelId":"cf4c3071-09a7-4d8c-87d5-3f78569c2466&^^&RetrieveDefaultParam","ModelCode":"RetrieveDefaultParam","ModelName":"RetrieveDefaultParam","RefId":"cf4c3071-09a7-4d8c-87d5-3f78569c2466&^^&RetrieveDefaultParam","RefCode":"RetrieveDefaultParam","RefName":"RetrieveDefaultParam","RefPath":null,"RefFileName":null,"ModelType":1,"In":"Body","IsRequired":false,"ListDeepth":0,"isCollection":false,"isRetVal":false,"isBasicType":false},{"Id":"cf4c3071-09a7-4d8c-87d5-3f78569c2466&^^&ResponseInfo","Code":"responseInfo","Name":"响应信息","Description":"响应信息","ModelId":"cf4c3071-09a7-4d8c-87d5-3f78569c2466&^^&ResponseInfo","ModelCode":"ResponseInfo","ModelName":"ResponseInfo","RefId":"cf4c3071-09a7-4d8c-87d5-3f78569c2466&^^&ResponseInfo","RefCode":"ResponseInfo","RefName":"ResponseInfo","RefPath":null,"RefFileName":null,"ModelType":1,"In":"","IsRequired":true,"ListDeepth":0,"isCollection":false,"isRetVal":true,"isBasicType":false}],"ResourceOpId":"cf4c3071-09a7-4d8c-87d5-3f78569c2466&^^&BatchCreate","Transaction":false,"AssemblyInfo":null,"Extend1":"Basic","Extend2":null,"isDeprecated":false},{"Id":"cf4c3071-09a7-4d8c-87d5-3f78569c2466&^^&Edit","Code":"Edit","Name":"编辑班级","Description":"编辑指定的班级，此操作会锁定相应的班级数据。该操作成功后，其他用户不能修改该数据，直到调用”保存“或”取消“操作。","HttpMethod":"PUT","Template":"/service/edit/{dataId}","Parameters":[{"Id":"cf4c3071-09a7-4d8c-87d5-3f78569c2466&^^&RequestInfo","Code":"requestInfo","Name":"请求信息","Description":"请求信息","ModelId":"cf4c3071-09a7-4d8c-87d5-3f78569c2466&^^&RequestInfo","ModelCode":"RequestInfo","ModelName":"RequestInfo","RefId":"cf4c3071-09a7-4d8c-87d5-3f78569c2466&^^&RequestInfo","RefCode":"RequestInfo","RefName":"RequestInfo","RefPath":null,"RefFileName":null,"ModelType":1,"In":"Body","IsRequired":false,"ListDeepth":0,"isCollection":false,"isRetVal":false,"isBasicType":false},{"Id":"cf4c3071-09a7-4d8c-87d5-3f78569c2466&^^&RetrieveParam","Code":"dataId","Name":"单据内码","Description":"单据内码","ModelId":"string","ModelCode":null,"ModelName":"string","RefId":null,"RefCode":null,"RefName":null,"RefPath":null,"RefFileName":null,"ModelType":0,"In":"Path","IsRequired":true,"ListDeepth":0,"isCollection":false,"isRetVal":false,"isBasicType":true},{"Id":"cf4c3071-09a7-4d8c-87d5-3f78569c2466&^^&ResponseInfo","Code":"responseInfo","Name":"响应信息","Description":"响应信息","ModelId":"cf4c3071-09a7-4d8c-87d5-3f78569c2466&^^&ResponseInfo","ModelCode":"ResponseInfo","ModelName":"ResponseInfo","RefId":"cf4c3071-09a7-4d8c-87d5-3f78569c2466&^^&ResponseInfo","RefCode":"ResponseInfo","RefName":"ResponseInfo","RefPath":null,"RefFileName":null,"ModelType":1,"In":"","IsRequired":true,"ListDeepth":0,"isCollection":false,"isRetVal":true,"isBasicType":false}],"ResourceOpId":"cf4c3071-09a7-4d8c-87d5-3f78569c2466&^^&Edit","Transaction":false,"AssemblyInfo":null,"Extend1":"Basic","Extend2":null,"isDeprecated":false},{"Id":"cf4c3071-09a7-4d8c-87d5-3f78569c2466&^^&Delete","Code":"Delete","Name":"删除班级","Description":"删除指定的班级，该操作仅在当前业务上下文中删除，并不会持久化到数据库。后续需调用”保存“操作进行持久化，如需要立即持久化，请调用”删除班级并保存“操作。","HttpMethod":"DELETE","Template":"/{dataId}","Parameters":[{"Id":"cf4c3071-09a7-4d8c-87d5-3f78569c2466&^^&DeleteParam","Code":"dataId","Name":"单据内码","Description":"单据内码","ModelId":"string","ModelCode":null,"ModelName":"string","RefId":null,"RefCode":null,"RefName":null,"RefPath":null,"RefFileName":null,"ModelType":0,"In":"Path","IsRequired":true,"ListDeepth":0,"isCollection":false,"isRetVal":false,"isBasicType":true}],"ResourceOpId":"cf4c3071-09a7-4d8c-87d5-3f78569c2466&^^&Delete","Transaction":false,"AssemblyInfo":null,"Extend1":"Basic","Extend2":null,"isDeprecated":false},{"Id":"cf4c3071-09a7-4d8c-87d5-3f78569c2466&^^&DeleteAndSave","Code":"DeleteAndSave","Name":"删除班级并保存","Description":"删除指定的班级，并持久化到数据库。","HttpMethod":"PUT","Template":"/service/delete/{dataId}","Parameters":[{"Id":"cf4c3071-09a7-4d8c-87d5-3f78569c2466&^^&RequestInfo","Code":"requestInfo","Name":"请求信息","Description":"请求信息","ModelId":"cf4c3071-09a7-4d8c-87d5-3f78569c2466&^^&RequestInfo","ModelCode":"RequestInfo","ModelName":"RequestInfo","RefId":"cf4c3071-09a7-4d8c-87d5-3f78569c2466&^^&RequestInfo","RefCode":"RequestInfo","RefName":"RequestInfo","RefPath":null,"RefFileName":null,"ModelType":1,"In":"Body","IsRequired":false,"ListDeepth":0,"isCollection":false,"isRetVal":false,"isBasicType":false},{"Id":"cf4c3071-09a7-4d8c-87d5-3f78569c2466&^^&DeleteParam","Code":"dataId","Name":"单据内码","Description":"单据内码","ModelId":"string","ModelCode":null,"ModelName":"string","RefId":null,"RefCode":null,"RefName":null,"RefPath":null,"RefFileName":null,"ModelType":0,"In":"Path","IsRequired":true,"ListDeepth":0,"isCollection":false,"isRetVal":false,"isBasicType":true},{"Id":"cf4c3071-09a7-4d8c-87d5-3f78569c2466&^^&ResponseInfo","Code":"responseInfo","Name":"响应信息","Description":"响应信息","ModelId":"cf4c3071-09a7-4d8c-87d5-3f78569c2466&^^&ResponseInfo","ModelCode":"ResponseInfo","ModelName":"ResponseInfo","RefId":"cf4c3071-09a7-4d8c-87d5-3f78569c2466&^^&ResponseInfo","RefCode":"ResponseInfo","RefName":"ResponseInfo","RefPath":null,"RefFileName":null,"ModelType":1,"In":"","IsRequired":true,"ListDeepth":0,"isCollection":false,"isRetVal":true,"isBasicType":false}],"ResourceOpId":"cf4c3071-09a7-4d8c-87d5-3f78569c2466&^^&DeleteAndSave","Transaction":false,"AssemblyInfo":null,"Extend1":"Basic","Extend2":null,"isDeprecated":false},{"Id":"cf4c3071-09a7-4d8c-87d5-3f78569c2466&^^&BatchDelete","Code":"BatchDelete","Name":"批量删除班级","Description":"批量删除指定的班级，该操作仅在当前业务上下文中删除，并不会持久化到数据库。后续需调用”保存“操作进行持久化，如需要立即持久化，请调用”批量删除班级并保存“操作。","HttpMethod":"DELETE","Template":"","Parameters":[{"Id":"cf4c3071-09a7-4d8c-87d5-3f78569c2466&^^&BatchDeleteParam","Code":"ids","Name":"单据内码列表","Description":"单据内码列表","ModelId":"string","ModelCode":null,"ModelName":"string","RefId":null,"RefCode":null,"RefName":null,"RefPath":null,"RefFileName":null,"ModelType":0,"In":"Query","IsRequired":true,"ListDeepth":0,"isCollection":false,"isRetVal":false,"isBasicType":true}],"ResourceOpId":"cf4c3071-09a7-4d8c-87d5-3f78569c2466&^^&BatchDelete","Transaction":false,"AssemblyInfo":null,"Extend1":"Basic","Extend2":null,"isDeprecated":true},{"Id":"cf4c3071-09a7-4d8c-87d5-3f78569c2466&^^&BatchDeleteAndSave","Code":"BatchDeleteAndSave","Name":"批量删除班级并保存","Description":"批量删除指定的班级，并持久化到数据库。","HttpMethod":"POST","Template":"/batchdeleteandsave","Parameters":[{"Id":"cf4c3071-09a7-4d8c-87d5-3f78569c2466&^^&RequestInfo","Code":"requestInfo","Name":"请求信息","Description":"请求信息","ModelId":"cf4c3071-09a7-4d8c-87d5-3f78569c2466&^^&RequestInfo","ModelCode":"RequestInfo","ModelName":"RequestInfo","RefId":"cf4c3071-09a7-4d8c-87d5-3f78569c2466&^^&RequestInfo","RefCode":"RequestInfo","RefName":"RequestInfo","RefPath":null,"RefFileName":null,"ModelType":1,"In":"Body","IsRequired":false,"ListDeepth":0,"isCollection":false,"isRetVal":false,"isBasicType":false},{"Id":"cf4c3071-09a7-4d8c-87d5-3f78569c2466&^^&IdsParam","Code":"ids","Name":"单据内码列表","Description":"批量删除的单据内码列表","ModelId":"string","ModelCode":null,"ModelName":"string","RefId":null,"RefCode":null,"RefName":null,"RefPath":null,"RefFileName":null,"ModelType":0,"In":"Body","IsRequired":true,"ListDeepth":1,"isCollection":true,"isRetVal":false,"isBasicType":true},{"Id":"cf4c3071-09a7-4d8c-87d5-3f78569c2466&^^&ResponseInfo","Code":"responseInfo","Name":"响应信息","Description":"响应信息","ModelId":"cf4c3071-09a7-4d8c-87d5-3f78569c2466&^^&ResponseInfo","ModelCode":"ResponseInfo","ModelName":"ResponseInfo","RefId":"cf4c3071-09a7-4d8c-87d5-3f78569c2466&^^&ResponseInfo","RefCode":"ResponseInfo","RefName":"ResponseInfo","RefPath":null,"RefFileName":null,"ModelType":1,"In":"","IsRequired":true,"ListDeepth":0,"isCollection":false,"isRetVal":true,"isBasicType":false}],"ResourceOpId":"cf4c3071-09a7-4d8c-87d5-3f78569c2466&^^&BatchDeleteAndSave","Transaction":false,"AssemblyInfo":null,"Extend1":"Basic","Extend2":null,"isDeprecated":false},{"Id":"cf4c3071-09a7-4d8c-87d5-3f78569c2466&^^&Update","Code":"Update","Name":"更新班级","Description":"通过变更集更新班级。","HttpMethod":"PATCH","Template":"","Parameters":[{"Id":"cf4c3071-09a7-4d8c-87d5-3f78569c2466&^^&RequestInfo","Code":"requestInfo","Name":"请求信息","Description":"请求信息","ModelId":"cf4c3071-09a7-4d8c-87d5-3f78569c2466&^^&RequestInfo","ModelCode":"RequestInfo","ModelName":"RequestInfo","RefId":"cf4c3071-09a7-4d8c-87d5-3f78569c2466&^^&RequestInfo","RefCode":"RequestInfo","RefName":"RequestInfo","RefPath":null,"RefFileName":null,"ModelType":1,"In":"Body","IsRequired":false,"ListDeepth":0,"isCollection":false,"isRetVal":false,"isBasicType":false},{"Id":"cf4c3071-09a7-4d8c-87d5-3f78569c2466&^^&UpdateParam","Code":"changeDetail","Name":"数据变更集","Description":"数据变更集","ModelId":"cf4c3071-09a7-4d8c-87d5-3f78569c2466&^^&ChangeDetail","ModelCode":"ChangeDetail","ModelName":"ChangeDetail","RefId":"cf4c3071-09a7-4d8c-87d5-3f78569c2466&^^&ChangeDetail","RefCode":"ChangeDetail","RefName":"ChangeDetail","RefPath":null,"RefFileName":null,"ModelType":1,"In":"Body","IsRequired":true,"ListDeepth":0,"isCollection":false,"isRetVal":false,"isBasicType":false},{"Id":"cf4c3071-09a7-4d8c-87d5-3f78569c2466&^^&ResponseInfo","Code":"responseInfo","Name":"响应信息","Description":"响应信息","ModelId":"cf4c3071-09a7-4d8c-87d5-3f78569c2466&^^&ResponseInfo","ModelCode":"ResponseInfo","ModelName":"ResponseInfo","RefId":"cf4c3071-09a7-4d8c-87d5-3f78569c2466&^^&ResponseInfo","RefCode":"ResponseInfo","RefName":"ResponseInfo","RefPath":null,"RefFileName":null,"ModelType":1,"In":"","IsRequired":true,"ListDeepth":0,"isCollection":false,"isRetVal":true,"isBasicType":false}],"ResourceOpId":"cf4c3071-09a7-4d8c-87d5-3f78569c2466&^^&Update","Transaction":false,"AssemblyInfo":null,"Extend1":"Basic","Extend2":null,"isDeprecated":false},{"Id":"cf4c3071-09a7-4d8c-87d5-3f78569c2466&^^&Retrieve","Code":"Retrieve","Name":"检索班级","Description":"检索指定的班级，返回结果中包含班级的所有子表数据。","HttpMethod":"GET","Template":"/{dataId}","Parameters":[{"Id":"cf4c3071-09a7-4d8c-87d5-3f78569c2466&^^&RetrieveParam","Code":"dataId","Name":"单据内码","Description":"单据内码","ModelId":"string","ModelCode":null,"ModelName":"string","RefId":null,"RefCode":null,"RefName":null,"RefPath":null,"RefFileName":null,"ModelType":0,"In":"Path","IsRequired":true,"ListDeepth":0,"isCollection":false,"isRetVal":false,"isBasicType":true},{"Id":"cf4c3071-09a7-4d8c-87d5-3f78569c2466&^^&RetrieveParam1","Code":"Classes","Name":"班级","Description":"实体模型","ModelId":"cf4c3071-09a7-4d8c-87d5-3f78569c2466","ModelCode":"ClassesForm_frm","ModelName":"班级表单_frm","RefId":"8dbd9bda-4dba-4895-b091-cb3598937a1a","RefCode":"Classes","RefName":"班级","RefPath":null,"RefFileName":null,"ModelType":0,"In":"","IsRequired":true,"ListDeepth":0,"isCollection":false,"isRetVal":true,"isBasicType":false}],"ResourceOpId":"cf4c3071-09a7-4d8c-87d5-3f78569c2466&^^&Retrieve","Transaction":false,"AssemblyInfo":null,"Extend1":"Basic","Extend2":null,"isDeprecated":false},{"Id":"cf4c3071-09a7-4d8c-87d5-3f78569c2466&^^&RetrieveWithChildPagination","Code":"RetrieveWithChildPagination","Name":"检索班级（支持子表分页）","Description":"检索指定的班级，可对指定子表进行分页。","HttpMethod":"PUT","Template":"/service/retrieve/{dataId}","Parameters":[{"Id":"cf4c3071-09a7-4d8c-87d5-3f78569c2466&^^&RequestInfo","Code":"requestInfo","Name":"请求信息","Description":"请求信息","ModelId":"cf4c3071-09a7-4d8c-87d5-3f78569c2466&^^&RequestInfo","ModelCode":"RequestInfo","ModelName":"RequestInfo","RefId":"cf4c3071-09a7-4d8c-87d5-3f78569c2466&^^&RequestInfo","RefCode":"RequestInfo","RefName":"RequestInfo","RefPath":null,"RefFileName":null,"ModelType":1,"In":"Body","IsRequired":false,"ListDeepth":0,"isCollection":false,"isRetVal":false,"isBasicType":false},{"Id":"cf4c3071-09a7-4d8c-87d5-3f78569c2466&^^&dataId","Code":"dataId","Name":"单据内码","Description":"单据内码","ModelId":"string","ModelCode":null,"ModelName":"string","RefId":null,"RefCode":null,"RefName":null,"RefPath":null,"RefFileName":null,"ModelType":0,"In":"Path","IsRequired":true,"ListDeepth":0,"isCollection":false,"isRetVal":false,"isBasicType":true},{"Id":"cf4c3071-09a7-4d8c-87d5-3f78569c2466&^^&retrieveParam","Code":"retrieveParam","Name":"查询参数","Description":"查询参数","ModelId":"cf4c3071-09a7-4d8c-87d5-3f78569c2466&^^&RetrieveParam","ModelCode":"RetrieveParam","ModelName":"RetrieveParam","RefId":"cf4c3071-09a7-4d8c-87d5-3f78569c2466&^^&RetrieveParam","RefCode":"RetrieveParam","RefName":"RetrieveParam","RefPath":null,"RefFileName":null,"ModelType":1,"In":"Body","IsRequired":true,"ListDeepth":0,"isCollection":false,"isRetVal":false,"isBasicType":false},{"Id":"cf4c3071-09a7-4d8c-87d5-3f78569c2466&^^&ResponseInfo","Code":"responseInfo","Name":"响应信息","Description":"响应信息","ModelId":"cf4c3071-09a7-4d8c-87d5-3f78569c2466&^^&ResponseInfo","ModelCode":"ResponseInfo","ModelName":"ResponseInfo","RefId":"cf4c3071-09a7-4d8c-87d5-3f78569c2466&^^&ResponseInfo","RefCode":"ResponseInfo","RefName":"ResponseInfo","RefPath":null,"RefFileName":null,"ModelType":1,"In":"","IsRequired":true,"ListDeepth":0,"isCollection":false,"isRetVal":true,"isBasicType":false}],"ResourceOpId":"cf4c3071-09a7-4d8c-87d5-3f78569c2466&^^&RetrieveWithChildPagination","Transaction":false,"AssemblyInfo":null,"Extend1":"Basic","Extend2":null,"isDeprecated":false},{"Id":"cf4c3071-09a7-4d8c-87d5-3f78569c2466&^^&QueryChild","Code":"QueryChild","Name":"查询班级特定子表的数据","Description":"查询指定的班级下特定子表的数据。可对指定子表进行过滤、排序、分页。","HttpMethod":"PUT","Template":"/service/querychild","Parameters":[{"Id":"cf4c3071-09a7-4d8c-87d5-3f78569c2466&^^&RequestInfo","Code":"requestInfo","Name":"请求信息","Description":"请求信息","ModelId":"cf4c3071-09a7-4d8c-87d5-3f78569c2466&^^&RequestInfo","ModelCode":"RequestInfo","ModelName":"RequestInfo","RefId":"cf4c3071-09a7-4d8c-87d5-3f78569c2466&^^&RequestInfo","RefCode":"RequestInfo","RefName":"RequestInfo","RefPath":null,"RefFileName":null,"ModelType":1,"In":"Body","IsRequired":false,"ListDeepth":0,"isCollection":false,"isRetVal":false,"isBasicType":false},{"Id":"cf4c3071-09a7-4d8c-87d5-3f78569c2466&^^&nodeCodes","Code":"nodeCodes","Name":"节点编号列表","Description":"节点编号列表","ModelId":"string","ModelCode":null,"ModelName":"string","RefId":null,"RefCode":null,"RefName":null,"RefPath":null,"RefFileName":null,"ModelType":0,"In":"Body","IsRequired":true,"ListDeepth":1,"isCollection":true,"isRetVal":false,"isBasicType":true},{"Id":"cf4c3071-09a7-4d8c-87d5-3f78569c2466&^^&ids","Code":"ids","Name":"内码列表","Description":"内码列表","ModelId":"string","ModelCode":null,"ModelName":"string","RefId":null,"RefCode":null,"RefName":null,"RefPath":null,"RefFileName":null,"ModelType":0,"In":"Body","IsRequired":true,"ListDeepth":1,"isCollection":true,"isRetVal":false,"isBasicType":true},{"Id":"cf4c3071-09a7-4d8c-87d5-3f78569c2466&^^&pagination","Code":"pagination","Name":"分页信息","Description":"分页信息","ModelId":"cf4c3071-09a7-4d8c-87d5-3f78569c2466&^^&Pagination","ModelCode":"Pagination","ModelName":"Pagination","RefId":"cf4c3071-09a7-4d8c-87d5-3f78569c2466&^^&Pagination","RefCode":"Pagination","RefName":"Pagination","RefPath":null,"RefFileName":null,"ModelType":1,"In":"Body","IsRequired":true,"ListDeepth":0,"isCollection":false,"isRetVal":false,"isBasicType":false},{"Id":"cf4c3071-09a7-4d8c-87d5-3f78569c2466&^^&ResponseInfo","Code":"responseInfo","Name":"响应信息","Description":"响应信息","ModelId":"cf4c3071-09a7-4d8c-87d5-3f78569c2466&^^&ResponseInfo","ModelCode":"ResponseInfo","ModelName":"ResponseInfo","RefId":"cf4c3071-09a7-4d8c-87d5-3f78569c2466&^^&ResponseInfo","RefCode":"ResponseInfo","RefName":"ResponseInfo","RefPath":null,"RefFileName":null,"ModelType":1,"In":"","IsRequired":true,"ListDeepth":0,"isCollection":false,"isRetVal":true,"isBasicType":false}],"ResourceOpId":"cf4c3071-09a7-4d8c-87d5-3f78569c2466&^^&QueryChild","Transaction":false,"AssemblyInfo":null,"Extend1":"Basic","Extend2":null,"isDeprecated":false},{"Id":"cf4c3071-09a7-4d8c-87d5-3f78569c2466&^^&Query","Code":"Query","Name":"查询班级","Description":"查询班级，可指定查询过滤条件、排序字段、设置分页。","HttpMethod":"GET","Template":"","Parameters":[{"Id":"cf4c3071-09a7-4d8c-87d5-3f78569c2466&^^&EntityFilterParam","Code":"entityFilter","Name":"过滤条件","Description":"过滤条件","ModelId":"string","ModelCode":null,"ModelName":"string","RefId":null,"RefCode":null,"RefName":null,"RefPath":null,"RefFileName":null,"ModelType":0,"In":"Query","IsRequired":true,"ListDeepth":0,"isCollection":false,"isRetVal":false,"isBasicType":true},{"Id":"cf4c3071-09a7-4d8c-87d5-3f78569c2466&^^&QueryParam","Code":"Classes","Name":"班级","Description":"实体模型","ModelId":"cf4c3071-09a7-4d8c-87d5-3f78569c2466","ModelCode":"ClassesForm_frm","ModelName":"班级表单_frm","RefId":"8dbd9bda-4dba-4895-b091-cb3598937a1a","RefCode":"Classes","RefName":"班级","RefPath":null,"RefFileName":null,"ModelType":0,"In":"","IsRequired":true,"ListDeepth":1,"isCollection":true,"isRetVal":true,"isBasicType":false}],"ResourceOpId":"cf4c3071-09a7-4d8c-87d5-3f78569c2466&^^&Query","Transaction":false,"AssemblyInfo":null,"Extend1":"Basic","Extend2":null,"isDeprecated":true},{"Id":"cf4c3071-09a7-4d8c-87d5-3f78569c2466&^^&Save","Code":"Save","Name":"保存","Description":"将当前业务上下文内所有修改的数据持久化到数据库。","HttpMethod":"PUT","Template":"","Parameters":[{"Id":"cf4c3071-09a7-4d8c-87d5-3f78569c2466&^^&RequestInfo","Code":"requestInfo","Name":"请求信息","Description":"请求信息","ModelId":"cf4c3071-09a7-4d8c-87d5-3f78569c2466&^^&RequestInfo","ModelCode":"RequestInfo","ModelName":"RequestInfo","RefId":"cf4c3071-09a7-4d8c-87d5-3f78569c2466&^^&RequestInfo","RefCode":"RequestInfo","RefName":"RequestInfo","RefPath":null,"RefFileName":null,"ModelType":1,"In":"Body","IsRequired":false,"ListDeepth":0,"isCollection":false,"isRetVal":false,"isBasicType":false},{"Id":"cf4c3071-09a7-4d8c-87d5-3f78569c2466&^^&ResponseInfo","Code":"responseInfo","Name":"响应信息","Description":"响应信息","ModelId":"cf4c3071-09a7-4d8c-87d5-3f78569c2466&^^&ResponseInfo","ModelCode":"ResponseInfo","ModelName":"ResponseInfo","RefId":"cf4c3071-09a7-4d8c-87d5-3f78569c2466&^^&ResponseInfo","RefCode":"ResponseInfo","RefName":"ResponseInfo","RefPath":null,"RefFileName":null,"ModelType":1,"In":"","IsRequired":true,"ListDeepth":0,"isCollection":false,"isRetVal":true,"isBasicType":false}],"ResourceOpId":"cf4c3071-09a7-4d8c-87d5-3f78569c2466&^^&Save","Transaction":false,"AssemblyInfo":null,"Extend1":"Basic","Extend2":null,"isDeprecated":false},{"Id":"cf4c3071-09a7-4d8c-87d5-3f78569c2466&^^&Cancel","Code":"Cancel","Name":"取消","Description":"取消所有数据的修改，此操作会将修改过程中锁定的数据解锁。","HttpMethod":"POST","Template":"service/cancel","Parameters":null,"ResourceOpId":"cf4c3071-09a7-4d8c-87d5-3f78569c2466&^^&Cancel","Transaction":false,"AssemblyInfo":null,"Extend1":"Basic","Extend2":null,"isDeprecated":false},{"Id":"cf4c3071-09a7-4d8c-87d5-3f78569c2466&^^&HasChanges","Code":"HasChanges","Name":"检查变更","Description":"检查当前业务上下文内是否存在未保存的变更","HttpMethod":"PUT","Template":"haschanges","Parameters":[{"Id":"cf4c3071-09a7-4d8c-87d5-3f78569c2466&^^&RequestInfo","Code":"requestInfo","Name":"请求信息","Description":"请求信息","ModelId":"cf4c3071-09a7-4d8c-87d5-3f78569c2466&^^&RequestInfo","ModelCode":"RequestInfo","ModelName":"RequestInfo","RefId":"cf4c3071-09a7-4d8c-87d5-3f78569c2466&^^&RequestInfo","RefCode":"RequestInfo","RefName":"RequestInfo","RefPath":null,"RefFileName":null,"ModelType":1,"In":"Body","IsRequired":false,"ListDeepth":0,"isCollection":false,"isRetVal":false,"isBasicType":false},{"Id":"cf4c3071-09a7-4d8c-87d5-3f78569c2466&^^&ResponseInfo","Code":"responseInfo","Name":"响应信息","Description":"响应信息","ModelId":"cf4c3071-09a7-4d8c-87d5-3f78569c2466&^^&ResponseInfo","ModelCode":"ResponseInfo","ModelName":"ResponseInfo","RefId":"cf4c3071-09a7-4d8c-87d5-3f78569c2466&^^&ResponseInfo","RefCode":"ResponseInfo","RefName":"ResponseInfo","RefPath":null,"RefFileName":null,"ModelType":1,"In":"","IsRequired":true,"ListDeepth":0,"isCollection":false,"isRetVal":true,"isBasicType":false}],"ResourceOpId":"cf4c3071-09a7-4d8c-87d5-3f78569c2466&^^&HasChanges","Transaction":false,"AssemblyInfo":null,"Extend1":"Basic","Extend2":null,"isDeprecated":false},{"Id":"cf4c3071-09a7-4d8c-87d5-3f78569c2466&^^&ElementHelp","Code":"GetElementHelp","Name":"获取字段帮助数据","Description":"获取指定帮助字段的帮助数据，支持班级及其子表的所有帮助字段的帮助数据。如果查询条件较长，建议使用”获取字段帮助数据“操作。","HttpMethod":"GET","Template":"elementhelps/{labelId}","Parameters":[{"Id":"cf4c3071-09a7-4d8c-87d5-3f78569c2466&^^&labelIdParam","Code":"labelId","Name":"标签Id","Description":"标签内码","ModelId":"string","ModelCode":null,"ModelName":"string","RefId":null,"RefCode":null,"RefName":null,"RefPath":null,"RefFileName":null,"ModelType":0,"In":"Path","IsRequired":true,"ListDeepth":0,"isCollection":false,"isRetVal":false,"isBasicType":true},{"Id":"cf4c3071-09a7-4d8c-87d5-3f78569c2466&^^&nodeCodeParam","Code":"nodeCode","Name":"节点编号","Description":"节点编号","ModelId":"string","ModelCode":null,"ModelName":"string","RefId":null,"RefCode":null,"RefName":null,"RefPath":null,"RefFileName":null,"ModelType":0,"In":"Query","IsRequired":true,"ListDeepth":0,"isCollection":false,"isRetVal":false,"isBasicType":true},{"Id":"cf4c3071-09a7-4d8c-87d5-3f78569c2466&^^&queryParam","Code":"queryParam","Name":"查询参数","Description":"查询参数","ModelId":"string","ModelCode":null,"ModelName":"string","RefId":null,"RefCode":null,"RefName":null,"RefPath":null,"RefFileName":null,"ModelType":0,"In":"Query","IsRequired":true,"ListDeepth":0,"isCollection":false,"isRetVal":false,"isBasicType":true},{"Id":"cf4c3071-09a7-4d8c-87d5-3f78569c2466&^^&ElementHelpRetParam","Code":"return","Name":"返回值","Description":"返回值","ModelId":"cf4c3071-09a7-4d8c-87d5-3f78569c2466&^^&LookupResult","ModelCode":"LookupResult","ModelName":"LookupResult","RefId":"cf4c3071-09a7-4d8c-87d5-3f78569c2466&^^&LookupResult","RefCode":"LookupResult","RefName":"LookupResult","RefPath":null,"RefFileName":null,"ModelType":1,"In":"","IsRequired":true,"ListDeepth":0,"isCollection":false,"isRetVal":true,"isBasicType":false}],"ResourceOpId":"cf4c3071-09a7-4d8c-87d5-3f78569c2466&^^&ElementHelp","Transaction":false,"AssemblyInfo":null,"Extend1":"Basic","Extend2":null,"isDeprecated":true},{"Id":"cf4c3071-09a7-4d8c-87d5-3f78569c2466&^^&CreateChild##Students","Code":"CreateChild_Students","Name":"新增学生","Description":"新增学生。","HttpMethod":"POST","Template":"/{rootId}/students","Parameters":[{"Id":"cf4c3071-09a7-4d8c-87d5-3f78569c2466&^^&RequestInfo","Code":"requestInfo","Name":"请求信息","Description":"请求信息","ModelId":"cf4c3071-09a7-4d8c-87d5-3f78569c2466&^^&RequestInfo","ModelCode":"RequestInfo","ModelName":"RequestInfo","RefId":"cf4c3071-09a7-4d8c-87d5-3f78569c2466&^^&RequestInfo","RefCode":"RequestInfo","RefName":"RequestInfo","RefPath":null,"RefFileName":null,"ModelType":1,"In":"Body","IsRequired":false,"ListDeepth":0,"isCollection":false,"isRetVal":false,"isBasicType":false},{"Id":"cf4c3071-09a7-4d8c-87d5-3f78569c2466rootId","Code":"rootId","Name":"主表root数据ID","Description":"主表root数据的所属实体数据的唯一标识","ModelId":"string","ModelCode":null,"ModelName":"string","RefId":null,"RefCode":null,"RefName":null,"RefPath":null,"RefFileName":null,"ModelType":0,"In":"Path","IsRequired":true,"ListDeepth":0,"isCollection":false,"isRetVal":false,"isBasicType":true},{"Id":"cf4c3071-09a7-4d8c-87d5-3f78569c2466&^^&ResponseInfo","Code":"responseInfo","Name":"响应信息","Description":"响应信息","ModelId":"cf4c3071-09a7-4d8c-87d5-3f78569c2466&^^&ResponseInfo","ModelCode":"ResponseInfo","ModelName":"ResponseInfo","RefId":"cf4c3071-09a7-4d8c-87d5-3f78569c2466&^^&ResponseInfo","RefCode":"ResponseInfo","RefName":"ResponseInfo","RefPath":null,"RefFileName":null,"ModelType":1,"In":"","IsRequired":true,"ListDeepth":0,"isCollection":false,"isRetVal":true,"isBasicType":false}],"ResourceOpId":"cf4c3071-09a7-4d8c-87d5-3f78569c2466&^^&CreateChild##Students","Transaction":false,"AssemblyInfo":null,"Extend1":"Basic","Extend2":"Students","isDeprecated":false},{"Id":"cf4c3071-09a7-4d8c-87d5-3f78569c2466&^^&BatchCreateChild##Students","Code":"BatchCreateChild_Students","Name":"批量新增学生","Description":"批量新增学生，可指定字段初始值。","HttpMethod":"POST","Template":"/{rootId}/students/batch","Parameters":[{"Id":"cf4c3071-09a7-4d8c-87d5-3f78569c2466&^^&RequestInfo","Code":"requestInfo","Name":"请求信息","Description":"请求信息","ModelId":"cf4c3071-09a7-4d8c-87d5-3f78569c2466&^^&RequestInfo","ModelCode":"RequestInfo","ModelName":"RequestInfo","RefId":"cf4c3071-09a7-4d8c-87d5-3f78569c2466&^^&RequestInfo","RefCode":"RequestInfo","RefName":"RequestInfo","RefPath":null,"RefFileName":null,"ModelType":1,"In":"Body","IsRequired":false,"ListDeepth":0,"isCollection":false,"isRetVal":false,"isBasicType":false},{"Id":"cf4c3071-09a7-4d8c-87d5-3f78569c2466rootId","Code":"rootId","Name":"主表root数据ID","Description":"主表root数据的所属实体数据的唯一标识","ModelId":"string","ModelCode":null,"ModelName":"string","RefId":null,"RefCode":null,"RefName":null,"RefPath":null,"RefFileName":null,"ModelType":0,"In":"Path","IsRequired":true,"ListDeepth":0,"isCollection":false,"isRetVal":false,"isBasicType":true},{"Id":"cf4c3071-09a7-4d8c-87d5-3f78569c2466&^^&RetrieveDefaultParam","Code":"retrieveDefaultParam","Name":"默认值","Description":"批量新增从表的默认值","ModelId":"cf4c3071-09a7-4d8c-87d5-3f78569c2466&^^&RetrieveDefaultParam","ModelCode":"RetrieveDefaultParam","ModelName":"RetrieveDefaultParam","RefId":"RetrieveDefaultParam","RefCode":"RetrieveDefaultParam","RefName":"RetrieveDefaultParam","RefPath":null,"RefFileName":null,"ModelType":1,"In":"Body","IsRequired":true,"ListDeepth":0,"isCollection":false,"isRetVal":false,"isBasicType":false},{"Id":"cf4c3071-09a7-4d8c-87d5-3f78569c2466&^^&ResponseInfo","Code":"responseInfo","Name":"响应信息","Description":"响应信息","ModelId":"cf4c3071-09a7-4d8c-87d5-3f78569c2466&^^&ResponseInfo","ModelCode":"ResponseInfo","ModelName":"ResponseInfo","RefId":"cf4c3071-09a7-4d8c-87d5-3f78569c2466&^^&ResponseInfo","RefCode":"ResponseInfo","RefName":"ResponseInfo","RefPath":null,"RefFileName":null,"ModelType":1,"In":"","IsRequired":true,"ListDeepth":0,"isCollection":false,"isRetVal":true,"isBasicType":false}],"ResourceOpId":"cf4c3071-09a7-4d8c-87d5-3f78569c2466&^^&BatchCreateChild##Students","Transaction":false,"AssemblyInfo":null,"Extend1":"Basic","Extend2":"Students","isDeprecated":false},{"Id":"cf4c3071-09a7-4d8c-87d5-3f78569c2466&^^&DeleteChild##Students","Code":"DeleteChild_Students","Name":"删除学生","Description":"删除学生，该操作仅在当前业务上下文中删除，并不会持久化到数据库。后续需调用”保存“操作进行持久化。","HttpMethod":"DELETE","Template":"/{rootId}/students/{studentsId}","Parameters":[{"Id":"cf4c3071-09a7-4d8c-87d5-3f78569c2466rootId","Code":"rootId","Name":"主表root数据ID","Description":"主表root数据的所属实体数据的唯一标识","ModelId":"string","ModelCode":null,"ModelName":"string","RefId":null,"RefCode":null,"RefName":null,"RefPath":null,"RefFileName":null,"ModelType":0,"In":"Path","IsRequired":true,"ListDeepth":0,"isCollection":false,"isRetVal":false,"isBasicType":true},{"Id":"cf4c3071-09a7-4d8c-87d5-3f78569c2466studentsId","Code":"studentsId","Name":"从表students数据ID","Description":"从表students数据的所属实体数据的唯一标识","ModelId":"string","ModelCode":null,"ModelName":"string","RefId":null,"RefCode":null,"RefName":null,"RefPath":null,"RefFileName":null,"ModelType":0,"In":"Path","IsRequired":true,"ListDeepth":0,"isCollection":false,"isRetVal":false,"isBasicType":true}],"ResourceOpId":"cf4c3071-09a7-4d8c-87d5-3f78569c2466&^^&DeleteChild##Students","Transaction":false,"AssemblyInfo":null,"Extend1":"Basic","Extend2":"Students","isDeprecated":false},{"Id":"cf4c3071-09a7-4d8c-87d5-3f78569c2466&^^&Extend_Delete","Code":"Extend_Delete","Name":"删除班级","Description":"删除指定的班级。该操作仅在当前业务上下文中删除，并不会持久化到数据库。后续需调用”保存“操作进行持久化，如需要立即持久化，请调用”删除班级并保存“操作。也可通过变更集，在删除过程中修改其他数据，并返回删除过程中产生的其他变更。","HttpMethod":"PUT","Template":"/extension/delete/{dataId}","Parameters":[{"Id":"cf4c3071-09a7-4d8c-87d5-3f78569c2466&^^&RequestInfo","Code":"requestInfo","Name":"请求信息","Description":"请求信息","ModelId":"cf4c3071-09a7-4d8c-87d5-3f78569c2466&^^&RequestInfo","ModelCode":"RequestInfo","ModelName":"RequestInfo","RefId":"cf4c3071-09a7-4d8c-87d5-3f78569c2466&^^&RequestInfo","RefCode":"RequestInfo","RefName":"RequestInfo","RefPath":null,"RefFileName":null,"ModelType":1,"In":"Body","IsRequired":false,"ListDeepth":0,"isCollection":false,"isRetVal":false,"isBasicType":false},{"Id":"cf4c3071-09a7-4d8c-87d5-3f78569c2466&^^&DeleteParam","Code":"dataId","Name":"单据内码","Description":"单据内码","ModelId":"string","ModelCode":null,"ModelName":"string","RefId":null,"RefCode":null,"RefName":null,"RefPath":null,"RefFileName":null,"ModelType":0,"In":"Path","IsRequired":false,"ListDeepth":0,"isCollection":false,"isRetVal":false,"isBasicType":true},{"Id":"cf4c3071-09a7-4d8c-87d5-3f78569c2466&^^&ResponseInfo","Code":"responseInfo","Name":"响应信息","Description":"响应信息","ModelId":"cf4c3071-09a7-4d8c-87d5-3f78569c2466&^^&ResponseInfo","ModelCode":"ResponseInfo","ModelName":"ResponseInfo","RefId":"cf4c3071-09a7-4d8c-87d5-3f78569c2466&^^&ResponseInfo","RefCode":"ResponseInfo","RefName":"ResponseInfo","RefPath":null,"RefFileName":null,"ModelType":1,"In":"","IsRequired":true,"ListDeepth":0,"isCollection":false,"isRetVal":true,"isBasicType":false}],"ResourceOpId":"cf4c3071-09a7-4d8c-87d5-3f78569c2466&^^&Extend_Delete","Transaction":false,"AssemblyInfo":null,"Extend1":"Basic","Extend2":null,"isDeprecated":false},{"Id":"cf4c3071-09a7-4d8c-87d5-3f78569c2466&^^&Extend_BatchDelete","Code":"Extend_BatchDelete","Name":"批量删除班级","Description":"批量删除指定的班级，如删除数据较多，建议使用”批量删除班级“操作。","HttpMethod":"PUT","Template":"/extension/batchdelete","Parameters":[{"Id":"cf4c3071-09a7-4d8c-87d5-3f78569c2466&^^&RequestInfo","Code":"requestInfo","Name":"请求信息","Description":"请求信息","ModelId":"cf4c3071-09a7-4d8c-87d5-3f78569c2466&^^&RequestInfo","ModelCode":"RequestInfo","ModelName":"RequestInfo","RefId":"cf4c3071-09a7-4d8c-87d5-3f78569c2466&^^&RequestInfo","RefCode":"RequestInfo","RefName":"RequestInfo","RefPath":null,"RefFileName":null,"ModelType":1,"In":"Body","IsRequired":false,"ListDeepth":0,"isCollection":false,"isRetVal":false,"isBasicType":false},{"Id":"cf4c3071-09a7-4d8c-87d5-3f78569c2466&^^&BatchDeleteParam","Code":"ids","Name":"单据内码列表","Description":"单据内码列表","ModelId":"string","ModelCode":null,"ModelName":"string","RefId":null,"RefCode":null,"RefName":null,"RefPath":null,"RefFileName":null,"ModelType":0,"In":"Query","IsRequired":true,"ListDeepth":0,"isCollection":false,"isRetVal":false,"isBasicType":true},{"Id":"cf4c3071-09a7-4d8c-87d5-3f78569c2466&^^&ResponseInfo","Code":"responseInfo","Name":"响应信息","Description":"响应信息","ModelId":"cf4c3071-09a7-4d8c-87d5-3f78569c2466&^^&ResponseInfo","ModelCode":"ResponseInfo","ModelName":"ResponseInfo","RefId":"cf4c3071-09a7-4d8c-87d5-3f78569c2466&^^&ResponseInfo","RefCode":"ResponseInfo","RefName":"ResponseInfo","RefPath":null,"RefFileName":null,"ModelType":1,"In":"","IsRequired":true,"ListDeepth":0,"isCollection":false,"isRetVal":true,"isBasicType":false}],"ResourceOpId":"cf4c3071-09a7-4d8c-87d5-3f78569c2466&^^&Extend_BatchDelete","Transaction":false,"AssemblyInfo":null,"Extend1":"Basic","Extend2":null,"isDeprecated":true},{"Id":"cf4c3071-09a7-4d8c-87d5-3f78569c2466&^^&Extension_BatchDeletion","Code":"Extension_BatchDeletion","Name":"批量删除班级","Description":"批量删除指定的班级，该操作仅在当前业务上下文中删除，并不会持久化到数据库。后续需调用”保存“操作进行持久化，如需要立即持久化，请调用”批量删除班级并保存“操作。可在删除过程中，修改其他数据，并返回删除过程中产生的其他变更。","HttpMethod":"PUT","Template":"/extension/batchdeletion","Parameters":[{"Id":"cf4c3071-09a7-4d8c-87d5-3f78569c2466&^^&RequestInfo","Code":"requestInfo","Name":"请求信息","Description":"请求信息","ModelId":"cf4c3071-09a7-4d8c-87d5-3f78569c2466&^^&RequestInfo","ModelCode":"RequestInfo","ModelName":"RequestInfo","RefId":"cf4c3071-09a7-4d8c-87d5-3f78569c2466&^^&RequestInfo","RefCode":"RequestInfo","RefName":"RequestInfo","RefPath":null,"RefFileName":null,"ModelType":1,"In":"Body","IsRequired":false,"ListDeepth":0,"isCollection":false,"isRetVal":false,"isBasicType":false},{"Id":"cf4c3071-09a7-4d8c-87d5-3f78569c2466&^^&Ids","Code":"ids","Name":"单据内码集合","Description":"批量删除的内码集合","ModelId":"string","ModelCode":null,"ModelName":"string","RefId":null,"RefCode":null,"RefName":null,"RefPath":null,"RefFileName":null,"ModelType":0,"In":"Body","IsRequired":true,"ListDeepth":1,"isCollection":true,"isRetVal":false,"isBasicType":true},{"Id":"cf4c3071-09a7-4d8c-87d5-3f78569c2466&^^&ResponseInfo","Code":"responseInfo","Name":"响应信息","Description":"响应信息","ModelId":"cf4c3071-09a7-4d8c-87d5-3f78569c2466&^^&ResponseInfo","ModelCode":"ResponseInfo","ModelName":"ResponseInfo","RefId":"cf4c3071-09a7-4d8c-87d5-3f78569c2466&^^&ResponseInfo","RefCode":"ResponseInfo","RefName":"ResponseInfo","RefPath":null,"RefFileName":null,"ModelType":1,"In":"","IsRequired":true,"ListDeepth":0,"isCollection":false,"isRetVal":true,"isBasicType":false}],"ResourceOpId":"cf4c3071-09a7-4d8c-87d5-3f78569c2466&^^&Extension_BatchDeletion","Transaction":false,"AssemblyInfo":null,"Extend1":"Basic","Extend2":null,"isDeprecated":false},{"Id":"cf4c3071-09a7-4d8c-87d5-3f78569c2466&^^&Extend_Retrieve","Code":"Extend_Retrieve","Name":"检索班级","Description":"检索指定的班级，返回结果中包含班级的所有子表数据。也可通过变更集，在删除过程中修改其他数据，并返回删除过程中产生的其他变更。","HttpMethod":"PUT","Template":"/extension/retrieve/{dataId}","Parameters":[{"Id":"cf4c3071-09a7-4d8c-87d5-3f78569c2466&^^&RequestInfo","Code":"requestInfo","Name":"请求信息","Description":"请求信息","ModelId":"cf4c3071-09a7-4d8c-87d5-3f78569c2466&^^&RequestInfo","ModelCode":"RequestInfo","ModelName":"RequestInfo","RefId":"cf4c3071-09a7-4d8c-87d5-3f78569c2466&^^&RequestInfo","RefCode":"RequestInfo","RefName":"RequestInfo","RefPath":null,"RefFileName":null,"ModelType":1,"In":"Body","IsRequired":false,"ListDeepth":0,"isCollection":false,"isRetVal":false,"isBasicType":false},{"Id":"cf4c3071-09a7-4d8c-87d5-3f78569c2466&^^&RetrieveParam","Code":"dataId","Name":"单据内码","Description":"单据内码","ModelId":"string","ModelCode":null,"ModelName":"string","RefId":null,"RefCode":null,"RefName":null,"RefPath":null,"RefFileName":null,"ModelType":0,"In":"Path","IsRequired":true,"ListDeepth":0,"isCollection":false,"isRetVal":false,"isBasicType":true},{"Id":"cf4c3071-09a7-4d8c-87d5-3f78569c2466&^^&ResponseInfo","Code":"responseInfo","Name":"响应信息","Description":"响应信息","ModelId":"cf4c3071-09a7-4d8c-87d5-3f78569c2466&^^&ResponseInfo","ModelCode":"ResponseInfo","ModelName":"ResponseInfo","RefId":"cf4c3071-09a7-4d8c-87d5-3f78569c2466&^^&ResponseInfo","RefCode":"ResponseInfo","RefName":"ResponseInfo","RefPath":null,"RefFileName":null,"ModelType":1,"In":"","IsRequired":true,"ListDeepth":0,"isCollection":false,"isRetVal":true,"isBasicType":false}],"ResourceOpId":"cf4c3071-09a7-4d8c-87d5-3f78569c2466&^^&Extend_Retrieve","Transaction":false,"AssemblyInfo":null,"Extend1":"Basic","Extend2":null,"isDeprecated":false},{"Id":"cf4c3071-09a7-4d8c-87d5-3f78569c2466&^^&Extend_Query","Code":"Extend_Query","Name":"查询班级","Description":"按照查询条件查询班级。如果查询条件较长，建议使用”查询班级“操作。","HttpMethod":"PUT","Template":"/extension/query","Parameters":[{"Id":"cf4c3071-09a7-4d8c-87d5-3f78569c2466&^^&RequestInfo","Code":"requestInfo","Name":"请求信息","Description":"请求信息","ModelId":"cf4c3071-09a7-4d8c-87d5-3f78569c2466&^^&RequestInfo","ModelCode":"RequestInfo","ModelName":"RequestInfo","RefId":"cf4c3071-09a7-4d8c-87d5-3f78569c2466&^^&RequestInfo","RefCode":"RequestInfo","RefName":"RequestInfo","RefPath":null,"RefFileName":null,"ModelType":1,"In":"Body","IsRequired":false,"ListDeepth":0,"isCollection":false,"isRetVal":false,"isBasicType":false},{"Id":"cf4c3071-09a7-4d8c-87d5-3f78569c2466&^^&EntityFilterParam","Code":"entityFilter","Name":"过滤条件","Description":"过滤条件","ModelId":"string","ModelCode":null,"ModelName":"string","RefId":null,"RefCode":null,"RefName":null,"RefPath":null,"RefFileName":null,"ModelType":0,"In":"Query","IsRequired":false,"ListDeepth":0,"isCollection":false,"isRetVal":false,"isBasicType":true},{"Id":"cf4c3071-09a7-4d8c-87d5-3f78569c2466&^^&ResponseInfo","Code":"responseInfo","Name":"响应信息","Description":"响应信息","ModelId":"cf4c3071-09a7-4d8c-87d5-3f78569c2466&^^&ResponseInfo","ModelCode":"ResponseInfo","ModelName":"ResponseInfo","RefId":"cf4c3071-09a7-4d8c-87d5-3f78569c2466&^^&ResponseInfo","RefCode":"ResponseInfo","RefName":"ResponseInfo","RefPath":null,"RefFileName":null,"ModelType":1,"In":"","IsRequired":true,"ListDeepth":0,"isCollection":false,"isRetVal":true,"isBasicType":false}],"ResourceOpId":"cf4c3071-09a7-4d8c-87d5-3f78569c2466&^^&Extend_Query","Transaction":false,"AssemblyInfo":null,"Extend1":"Basic","Extend2":null,"isDeprecated":true},{"Id":"cf4c3071-09a7-4d8c-87d5-3f78569c2466&^^&Extension_Filter","Code":"Extension_Filter","Name":"查询班级","Description":"按照查询条件查询班级，可指定查询过滤条件、排序字段、设置分页。也可通过变更集，在删除过程中修改其他数据，并返回删除过程中产生的其他变更。","HttpMethod":"POST","Template":"/extension/filter","Parameters":[{"Id":"cf4c3071-09a7-4d8c-87d5-3f78569c2466&^^&RequestInfo","Code":"requestInfo","Name":"请求信息","Description":"请求信息","ModelId":"cf4c3071-09a7-4d8c-87d5-3f78569c2466&^^&RequestInfo","ModelCode":"RequestInfo","ModelName":"RequestInfo","RefId":"cf4c3071-09a7-4d8c-87d5-3f78569c2466&^^&RequestInfo","RefCode":"RequestInfo","RefName":"RequestInfo","RefPath":null,"RefFileName":null,"ModelType":1,"In":"Body","IsRequired":false,"ListDeepth":0,"isCollection":false,"isRetVal":false,"isBasicType":false},{"Id":"cf4c3071-09a7-4d8c-87d5-3f78569c2466&^^&EntityFilter","Code":"entityFilter","Name":"过滤条件","Description":"过滤条件","ModelId":"cf4c3071-09a7-4d8c-87d5-3f78569c2466&^^&EntityFilter","ModelCode":"EntityFilter","ModelName":"EntityFilter","RefId":"cf4c3071-09a7-4d8c-87d5-3f78569c2466&^^&EntityFilter","RefCode":"EntityFilter","RefName":"EntityFilter","RefPath":null,"RefFileName":null,"ModelType":1,"In":"Body","IsRequired":false,"ListDeepth":0,"isCollection":false,"isRetVal":false,"isBasicType":false},{"Id":"cf4c3071-09a7-4d8c-87d5-3f78569c2466&^^&ResponseInfo","Code":"responseInfo","Name":"响应信息","Description":"响应信息","ModelId":"cf4c3071-09a7-4d8c-87d5-3f78569c2466&^^&ResponseInfo","ModelCode":"ResponseInfo","ModelName":"ResponseInfo","RefId":"cf4c3071-09a7-4d8c-87d5-3f78569c2466&^^&ResponseInfo","RefCode":"ResponseInfo","RefName":"ResponseInfo","RefPath":null,"RefFileName":null,"ModelType":1,"In":"","IsRequired":true,"ListDeepth":0,"isCollection":false,"isRetVal":true,"isBasicType":false}],"ResourceOpId":"cf4c3071-09a7-4d8c-87d5-3f78569c2466&^^&Extension_Filter","Transaction":false,"AssemblyInfo":null,"Extend1":"Basic","Extend2":null,"isDeprecated":false},{"Id":"cf4c3071-09a7-4d8c-87d5-3f78569c2466&^^&Extend_ElementHelp","Code":"Extend_GetElementHelp","Name":"获取字段帮助数据","Description":"获取指定帮助字段的帮助数据，支持班级及其子表的所有帮助字段的帮助数据。也可通过变更集，在删除过程中修改其他数据，并返回删除过程中产生的其他变更。","HttpMethod":"PUT","Template":"/extension/elementhelps","Parameters":[{"Id":"cf4c3071-09a7-4d8c-87d5-3f78569c2466&^^&RequestInfo","Code":"requestInfo","Name":"请求信息","Description":"请求信息","ModelId":"cf4c3071-09a7-4d8c-87d5-3f78569c2466&^^&RequestInfo","ModelCode":"RequestInfo","ModelName":"RequestInfo","RefId":"cf4c3071-09a7-4d8c-87d5-3f78569c2466&^^&RequestInfo","RefCode":"RequestInfo","RefName":"RequestInfo","RefPath":null,"RefFileName":null,"ModelType":1,"In":"Body","IsRequired":false,"ListDeepth":0,"isCollection":false,"isRetVal":false,"isBasicType":false},{"Id":"cf4c3071-09a7-4d8c-87d5-3f78569c2466&^^&labelIdParam","Code":"labelId","Name":"标签Id","Description":"标签内码","ModelId":"string","ModelCode":null,"ModelName":"string","RefId":null,"RefCode":null,"RefName":null,"RefPath":null,"RefFileName":null,"ModelType":0,"In":"Body","IsRequired":true,"ListDeepth":0,"isCollection":false,"isRetVal":false,"isBasicType":true},{"Id":"cf4c3071-09a7-4d8c-87d5-3f78569c2466&^^&nodeCodeParam","Code":"nodeCode","Name":"节点编号","Description":"节点编号","ModelId":"string","ModelCode":null,"ModelName":"string","RefId":null,"RefCode":null,"RefName":null,"RefPath":null,"RefFileName":null,"ModelType":0,"In":"Body","IsRequired":true,"ListDeepth":0,"isCollection":false,"isRetVal":false,"isBasicType":true},{"Id":"cf4c3071-09a7-4d8c-87d5-3f78569c2466&^^&queryParam","Code":"queryParam","Name":"查询参数","Description":"查询参数","ModelId":"cf4c3071-09a7-4d8c-87d5-3f78569c2466&^^&LookupQueryParam","ModelCode":"LookupQueryParam","ModelName":"LookupQueryParam","RefId":"cf4c3071-09a7-4d8c-87d5-3f78569c2466&^^&LookupQueryParam","RefCode":"LookupQueryParam","RefName":"LookupQueryParam","RefPath":null,"RefFileName":null,"ModelType":1,"In":"Body","IsRequired":true,"ListDeepth":0,"isCollection":false,"isRetVal":false,"isBasicType":true},{"Id":"cf4c3071-09a7-4d8c-87d5-3f78569c2466&^^&ResponseInfo","Code":"responseInfo","Name":"响应信息","Description":"响应信息","ModelId":"cf4c3071-09a7-4d8c-87d5-3f78569c2466&^^&ResponseInfo","ModelCode":"ResponseInfo","ModelName":"ResponseInfo","RefId":"cf4c3071-09a7-4d8c-87d5-3f78569c2466&^^&ResponseInfo","RefCode":"ResponseInfo","RefName":"ResponseInfo","RefPath":null,"RefFileName":null,"ModelType":1,"In":"","IsRequired":true,"ListDeepth":0,"isCollection":false,"isRetVal":true,"isBasicType":false}],"ResourceOpId":"cf4c3071-09a7-4d8c-87d5-3f78569c2466&^^&Extend_ElementHelp","Transaction":false,"AssemblyInfo":null,"Extend1":"Basic","Extend2":null,"isDeprecated":false},{"Id":"cf4c3071-09a7-4d8c-87d5-3f78569c2466&^^&Extend_DeleteChild##Students","Code":"Extend_DeleteChild_Students","Name":"删除学生","Description":"删除学生，该操作仅在当前业务上下文中删除，并不会持久化到数据库。后续需调用”保存“操作进行持久化。也可通过变更集，在删除过程中修改其他数据，并返回删除过程中产生的其他变更。","HttpMethod":"PUT","Template":"/extension/{rootId}/students/{studentsId}","Parameters":[{"Id":"cf4c3071-09a7-4d8c-87d5-3f78569c2466&^^&RequestInfo","Code":"requestInfo","Name":"请求信息","Description":"请求信息","ModelId":"cf4c3071-09a7-4d8c-87d5-3f78569c2466&^^&RequestInfo","ModelCode":"RequestInfo","ModelName":"RequestInfo","RefId":"cf4c3071-09a7-4d8c-87d5-3f78569c2466&^^&RequestInfo","RefCode":"RequestInfo","RefName":"RequestInfo","RefPath":null,"RefFileName":null,"ModelType":1,"In":"Body","IsRequired":false,"ListDeepth":0,"isCollection":false,"isRetVal":false,"isBasicType":false},{"Id":"cf4c3071-09a7-4d8c-87d5-3f78569c2466rootId","Code":"rootId","Name":"主表root数据ID","Description":"主表root数据的所属实体数据的唯一标识","ModelId":"string","ModelCode":null,"ModelName":"string","RefId":null,"RefCode":null,"RefName":null,"RefPath":null,"RefFileName":null,"ModelType":0,"In":"Path","IsRequired":true,"ListDeepth":0,"isCollection":false,"isRetVal":false,"isBasicType":true},{"Id":"cf4c3071-09a7-4d8c-87d5-3f78569c2466studentsId","Code":"studentsId","Name":"从表students数据ID","Description":"从表students数据的所属实体数据的唯一标识","ModelId":"string","ModelCode":null,"ModelName":"string","RefId":null,"RefCode":null,"RefName":null,"RefPath":null,"RefFileName":null,"ModelType":0,"In":"Path","IsRequired":true,"ListDeepth":0,"isCollection":false,"isRetVal":false,"isBasicType":true},{"Id":"cf4c3071-09a7-4d8c-87d5-3f78569c2466&^^&ResponseInfo","Code":"responseInfo","Name":"响应信息","Description":"响应信息","ModelId":"cf4c3071-09a7-4d8c-87d5-3f78569c2466&^^&ResponseInfo","ModelCode":"ResponseInfo","ModelName":"ResponseInfo","RefId":"cf4c3071-09a7-4d8c-87d5-3f78569c2466&^^&ResponseInfo","RefCode":"ResponseInfo","RefName":"ResponseInfo","RefPath":null,"RefFileName":null,"ModelType":1,"In":"","IsRequired":true,"ListDeepth":0,"isCollection":false,"isRetVal":true,"isBasicType":false}],"ResourceOpId":"cf4c3071-09a7-4d8c-87d5-3f78569c2466&^^&Extend_DeleteChild##Students","Transaction":false,"AssemblyInfo":null,"Extend1":"Basic","Extend2":"Students","isDeprecated":false},{"Id":"cf4c3071-09a7-4d8c-87d5-3f78569c2466&^^&Extend_BatchDeleteChild##Students","Code":"Extend_BatchDeleteChild_Students","Name":"批量删除学生","Description":"批量删除学生。","HttpMethod":"PUT","Template":"/extension/{rootId}/students/batch","Parameters":[{"Id":"cf4c3071-09a7-4d8c-87d5-3f78569c2466&^^&RequestInfo","Code":"requestInfo","Name":"请求信息","Description":"请求信息","ModelId":"cf4c3071-09a7-4d8c-87d5-3f78569c2466&^^&RequestInfo","ModelCode":"RequestInfo","ModelName":"RequestInfo","RefId":"cf4c3071-09a7-4d8c-87d5-3f78569c2466&^^&RequestInfo","RefCode":"RequestInfo","RefName":"RequestInfo","RefPath":null,"RefFileName":null,"ModelType":1,"In":"Body","IsRequired":false,"ListDeepth":0,"isCollection":false,"isRetVal":false,"isBasicType":false},{"Id":"cf4c3071-09a7-4d8c-87d5-3f78569c2466rootId","Code":"rootId","Name":"主表root数据ID","Description":"主表root数据的所属实体数据的唯一标识","ModelId":"string","ModelCode":null,"ModelName":"string","RefId":null,"RefCode":null,"RefName":null,"RefPath":null,"RefFileName":null,"ModelType":0,"In":"Path","IsRequired":true,"ListDeepth":0,"isCollection":false,"isRetVal":false,"isBasicType":true},{"Id":"cf4c3071-09a7-4d8c-87d5-3f78569c2466&^^&Ids","Code":"ids","Name":"内码集合","Description":"批量删除的内码集合","ModelId":"string","ModelCode":null,"ModelName":"string","RefId":null,"RefCode":null,"RefName":null,"RefPath":null,"RefFileName":null,"ModelType":0,"In":"Body","IsRequired":true,"ListDeepth":1,"isCollection":true,"isRetVal":false,"isBasicType":true},{"Id":"cf4c3071-09a7-4d8c-87d5-3f78569c2466&^^&ResponseInfo","Code":"responseInfo","Name":"响应信息","Description":"响应信息","ModelId":"cf4c3071-09a7-4d8c-87d5-3f78569c2466&^^&ResponseInfo","ModelCode":"ResponseInfo","ModelName":"ResponseInfo","RefId":"cf4c3071-09a7-4d8c-87d5-3f78569c2466&^^&ResponseInfo","RefCode":"ResponseInfo","RefName":"ResponseInfo","RefPath":null,"RefFileName":null,"ModelType":1,"In":"","IsRequired":true,"ListDeepth":0,"isCollection":false,"isRetVal":true,"isBasicType":false}],"ResourceOpId":"cf4c3071-09a7-4d8c-87d5-3f78569c2466&^^&Extend_BatchDeleteChild##Students","Transaction":false,"AssemblyInfo":null,"Extend1":"Basic","Extend2":"Students","isDeprecated":false}],"Extension":null},"Models":[{"Id":"cf4c3071-09a7-4d8c-87d5-3f78569c2466&^^&RequestInfo","Code":"RequestInfo","Name":"RequestInfo","ModelId":"cf4c3071-09a7-4d8c-87d5-3f78569c2466&^^&RequestInfo","ModelCode":"RequestInfo","ModelName":"RequestInfo","RelativePath":null,"FileName":null,"ModelType":1},{"Id":"cf4c3071-09a7-4d8c-87d5-3f78569c2466&^^&DefaultValue","Code":"DefaultValue","Name":"DefaultValue","ModelId":"cf4c3071-09a7-4d8c-87d5-3f78569c2466&^^&DefaultValue","ModelCode":"DefaultValue","ModelName":"DefaultValue","RelativePath":null,"FileName":null,"ModelType":1},{"Id":"cf4c3071-09a7-4d8c-87d5-3f78569c2466&^^&ResponseInfo","Code":"ResponseInfo","Name":"ResponseInfo","ModelId":"cf4c3071-09a7-4d8c-87d5-3f78569c2466&^^&ResponseInfo","ModelCode":"ResponseInfo","ModelName":"ResponseInfo","RelativePath":null,"FileName":null,"ModelType":1},{"Id":"cf4c3071-09a7-4d8c-87d5-3f78569c2466&^^&RetrieveDefaultParam","Code":"RetrieveDefaultParam","Name":"RetrieveDefaultParam","ModelId":"cf4c3071-09a7-4d8c-87d5-3f78569c2466&^^&RetrieveDefaultParam","ModelCode":"RetrieveDefaultParam","ModelName":"RetrieveDefaultParam","RelativePath":null,"FileName":null,"ModelType":1},{"Id":"cf4c3071-09a7-4d8c-87d5-3f78569c2466&^^&ChangeDetail","Code":"ChangeDetail","Name":"ChangeDetail","ModelId":"cf4c3071-09a7-4d8c-87d5-3f78569c2466&^^&ChangeDetail","ModelCode":"ChangeDetail","ModelName":"ChangeDetail","RelativePath":null,"FileName":null,"ModelType":1},{"Id":"8dbd9bda-4dba-4895-b091-cb3598937a1a","Code":"Classes","Name":"班级","ModelId":"cf4c3071-09a7-4d8c-87d5-3f78569c2466","ModelCode":"ClassesForm_frm","ModelName":"班级表单_frm","RelativePath":null,"FileName":null,"ModelType":0},{"Id":"cf4c3071-09a7-4d8c-87d5-3f78569c2466&^^&RetrieveParam","Code":"RetrieveParam","Name":"RetrieveParam","ModelId":"cf4c3071-09a7-4d8c-87d5-3f78569c2466&^^&RetrieveParam","ModelCode":"RetrieveParam","ModelName":"RetrieveParam","RelativePath":null,"FileName":null,"ModelType":1},{"Id":"cf4c3071-09a7-4d8c-87d5-3f78569c2466&^^&Pagination","Code":"Pagination","Name":"Pagination","ModelId":"cf4c3071-09a7-4d8c-87d5-3f78569c2466&^^&Pagination","ModelCode":"Pagination","ModelName":"Pagination","RelativePath":null,"FileName":null,"ModelType":1},{"Id":"cf4c3071-09a7-4d8c-87d5-3f78569c2466&^^&LookupResult","Code":"LookupResult","Name":"LookupResult","ModelId":"cf4c3071-09a7-4d8c-87d5-3f78569c2466&^^&LookupResult","ModelCode":"LookupResult","ModelName":"LookupResult","RelativePath":null,"FileName":null,"ModelType":1},{"Id":"RetrieveDefaultParam","Code":"RetrieveDefaultParam","Name":"RetrieveDefaultParam","ModelId":"cf4c3071-09a7-4d8c-87d5-3f78569c2466&^^&RetrieveDefaultParam","ModelCode":"RetrieveDefaultParam","ModelName":"RetrieveDefaultParam","RelativePath":null,"FileName":null,"ModelType":1},{"Id":"cf4c3071-09a7-4d8c-87d5-3f78569c2466&^^&EntityFilter","Code":"EntityFilter","Name":"EntityFilter","ModelId":"cf4c3071-09a7-4d8c-87d5-3f78569c2466&^^&EntityFilter","ModelCode":"EntityFilter","ModelName":"EntityFilter","RelativePath":null,"FileName":null,"ModelType":1}],"Router":"/api/apporder/df/v1.0/classesform_frm","EndPoint":"/apporder/df/v1.0/classesform_frm"}]