{"moduleName":null,"summaries":[{"symbol":{"__symbol":0,"members":[]},"metadata":{"__symbolic":"class","extends":{"__symbol":1,"members":[]},"members":{"id":[{"__symbolic":"property","decorators":[{"__symbolic":"call","expression":{"__symbol":2,"members":[]},"arguments":[{"originalDataField":"ID","dataField":"id","primary":true,"originalDataFieldType":"String","initValue":"","path":"ID","validRules":[{"type":"required","constraints":[true]},{"type":"maxLength","constraints":[36],"message":"最大长度为36"}]}]}]}],"version":[{"__symbolic":"property","decorators":[{"__symbolic":"call","expression":{"__symbol":2,"members":[]},"arguments":[{"originalDataField":"Version","dataField":"version","originalDataFieldType":"DateTime","initValue":"0001-01-01T00:00:00","path":"Version","enableTimeZone":true}]}]}],"classesNo":[{"__symbolic":"property","decorators":[{"__symbolic":"call","expression":{"__symbol":2,"members":[]},"arguments":[{"originalDataField":"ClassesNo","dataField":"classesNo","originalDataFieldType":"String","initValue":"","path":"ClassesNo","validRules":[{"type":"required","constraints":[true]},{"type":"maxLength","constraints":[36],"message":"最大长度为36"}]}]}]}],"name":[{"__symbolic":"property","decorators":[{"__symbolic":"call","expression":{"__symbol":2,"members":[]},"arguments":[{"originalDataField":"Name","dataField":"name","originalDataFieldType":"String","initValue":"","path":"Name","validRules":[{"type":"maxLength","constraints":[36],"message":"最大长度为36"}]}]}]}],"grade":[{"__symbolic":"property","decorators":[{"__symbolic":"call","expression":{"__symbol":2,"members":[]},"arguments":[{"originalDataField":"Grade","dataField":"grade","originalDataFieldType":"Enum","defaultValue":"","initValue":"One","path":"Grade"}]}]}],"numbers":[{"__symbolic":"property","decorators":[{"__symbolic":"call","expression":{"__symbol":2,"members":[]},"arguments":[{"originalDataField":"Numbers","dataField":"numbers","originalDataFieldType":"Number","initValue":0,"path":"Numbers"}]}]}],"studentss":[{"__symbolic":"property","decorators":[{"__symbolic":"call","expression":{"__symbol":3,"members":[]},"arguments":[{"dataField":"studentss","originalDataField":"","type":{"__symbol":4,"members":[]}}]}]}]}}}],"symbols":[{"__symbol":0,"name":"ClassesEntity","filePath":"./classesentity"},{"__symbol":1,"name":"Entity","filePath":"@farris/devkit"},{"__symbol":2,"name":"NgField","filePath":"@farris/devkit"},{"__symbol":3,"name":"NgList","filePath":"@farris/devkit"},{"__symbol":4,"name":"StudentsEntity","filePath":"./studentsentity"}]}