{"moduleName":null,"summaries":[{"symbol":{"__symbol":0,"members":[]},"metadata":{"__symbolic":"class","extends":{"__symbol":1,"members":[]},"members":{"id":[{"__symbolic":"property","decorators":[{"__symbolic":"call","expression":{"__symbol":2,"members":[]},"arguments":[{"originalDataField":"ID","dataField":"id","primary":true,"originalDataFieldType":"String","initValue":"","path":"ID","validRules":[{"type":"required","constraints":[true]},{"type":"maxLength","constraints":[36],"message":"最大长度为36"}]}]}]}],"parentID":[{"__symbolic":"property","decorators":[{"__symbolic":"call","expression":{"__symbol":2,"members":[]},"arguments":[{"originalDataField":"ParentID","dataField":"parentID","originalDataFieldType":"String","initValue":"","path":"ParentID","validRules":[{"type":"required","constraints":[true]},{"type":"maxLength","constraints":[36],"message":"最大长度为36"}]}]}]}],"job":[{"__symbolic":"property","decorators":[{"__symbolic":"call","expression":{"__symbol":2,"members":[]},"arguments":[{"originalDataField":"Job","dataField":"job","originalDataFieldType":"Enum","defaultValue":"","initValue":"1","path":"Job"}]}]}],"student":[{"__symbolic":"property","decorators":[{"__symbolic":"call","expression":{"__symbol":3,"members":[]},"arguments":[{"dataField":"student","originalDataField":"Student","type":{"__symbol":4,"members":[]}}]}]}]}}}],"symbols":[{"__symbol":0,"name":"StudentsEntity","filePath":"./studentsentity"},{"__symbol":1,"name":"Entity","filePath":"@farris/devkit"},{"__symbol":2,"name":"NgField","filePath":"@farris/devkit"},{"__symbol":3,"name":"NgObject","filePath":"@farris/devkit"},{"__symbol":4,"name":"Student5d0dEntity","filePath":"./student5d0dentity"}]}