{"moduleName":null,"summaries":[{"symbol":{"__symbol":0,"members":[]},"metadata":{"__symbolic":"class","extends":{"__symbol":1,"members":[]},"members":{"student":[{"__symbolic":"property","decorators":[{"__symbolic":"call","expression":{"__symbol":2,"members":[]},"arguments":[{"originalDataField":"Student","dataField":"student","primary":true,"originalDataFieldType":"String","initValue":"","path":"Student.Student","validRules":[{"type":"maxLength","constraints":[36],"message":"最大长度为36"}]}]}]}],"student_StudentNo":[{"__symbolic":"property","decorators":[{"__symbolic":"call","expression":{"__symbol":2,"members":[]},"arguments":[{"originalDataField":"StudentNo","dataField":"student_StudentNo","originalDataFieldType":"String","initValue":"","path":"Student.Student_StudentNo","validRules":[{"type":"maxLength","constraints":[36],"message":"最大长度为36"}]}]}]}],"student_FullName":[{"__symbolic":"property","decorators":[{"__symbolic":"call","expression":{"__symbol":2,"members":[]},"arguments":[{"originalDataField":"FullName","dataField":"student_FullName","originalDataFieldType":"String","initValue":"","path":"Student.Student_FullName","validRules":[{"type":"maxLength","constraints":[36],"message":"最大长度为36"}]}]}]}]}}}],"symbols":[{"__symbol":0,"name":"Student5d0dEntity","filePath":"./student5d0dentity"},{"__symbol":1,"name":"Entity","filePath":"@farris/devkit"},{"__symbol":2,"name":"NgField","filePath":"@farris/devkit"}]}