{"moduleName":null,"summaries":[{"symbol":{"__symbol":0,"members":[]},"metadata":{"__symbolic":"class","extends":{"__symbol":1,"members":[]},"members":{"studentNo":[{"__symbolic":"property","decorators":[{"__symbolic":"call","expression":{"__symbol":2,"members":[]},"arguments":[{"id":"studentNo_93357987_f2ja","name":"{{studentNo_93357987_f2ja}}","binding":"studentNo","updateOn":"blur","defaultI18nValue":"学号","validRules":[{"type":"matches","constraints":[""]}]}]}]}],"fullName":[{"__symbolic":"property","decorators":[{"__symbolic":"call","expression":{"__symbol":2,"members":[]},"arguments":[{"id":"fullName_a262c945_7zb5","name":"{{fullName_a262c945_7zb5}}","binding":"fullName","updateOn":"blur","defaultI18nValue":"姓名","validRules":[{"type":"matches","constraints":[""]}]}]}]}],"gender":[{"__symbolic":"property","decorators":[{"__symbolic":"call","expression":{"__symbol":2,"members":[]},"arguments":[{"id":"gender_bd9e2870_pc6h","name":"{{gender_bd9e2870_pc6h}}","binding":"gender","updateOn":"change","defaultI18nValue":"性别"}]}]}],"birthday":[{"__symbolic":"property","decorators":[{"__symbolic":"call","expression":{"__symbol":2,"members":[]},"arguments":[{"id":"birthday_3533e3de_cw1o","name":"{{birthday_3533e3de_cw1o}}","binding":"birthday","updateOn":"blur","valueConverter":{"__symbolic":"new","expression":{"__symbol":3,"members":[]},"arguments":["yyyy-MM-dd"]},"defaultI18nValue":"出生日期"}]}]}],"area":[{"__symbolic":"property","decorators":[{"__symbolic":"call","expression":{"__symbol":2,"members":[]},"arguments":[{"id":"area_0ddc2e43_ahgx","name":"{{area_0ddc2e43_ahgx}}","binding":"area","updateOn":"blur","defaultI18nValue":"地区","validRules":[{"type":"matches","constraints":[""]}]}]}]}]}},"type":{"summaryKind":3,"type":{"reference":{"__symbol":0,"members":[]},"diDeps":[],"lifecycleHooks":[1]}}}],"symbols":[{"__symbol":0,"name":"BasicFormViewmodelForm","filePath":"./basicformviewmodelform"},{"__symbol":1,"name":"Form","filePath":"@farris/devkit"},{"__symbol":2,"name":"NgFormControl","filePath":"@farris/devkit"},{"__symbol":3,"name":"DateConverter","filePath":"@farris/kendo-binding"}]}