{"moduleName":null,"summaries":[{"symbol":{"__symbol":0,"members":[]},"metadata":{"__symbolic":"class","extends":{"__symbol":1,"members":[]},"members":{"classesNo":[{"__symbolic":"property","decorators":[{"__symbolic":"call","expression":{"__symbol":2,"members":[]},"arguments":[{"id":"classesNo","name":"{{classesNo_36d70be2_kfez}}","binding":"classesNo","updateOn":"blur","defaultI18nValue":"班级编码"}]}]}],"name":[{"__symbolic":"property","decorators":[{"__symbolic":"call","expression":{"__symbol":2,"members":[]},"arguments":[{"id":"name","name":"{{name_b686a537_wxfk}}","binding":"name","updateOn":"blur","defaultI18nValue":"名称"}]}]}],"grade":[{"__symbolic":"property","decorators":[{"__symbolic":"call","expression":{"__symbol":2,"members":[]},"arguments":[{"id":"grade","name":"{{grade_c8656f99_bovn}}","binding":"grade","updateOn":"change","defaultI18nValue":"年级"}]}]}],"numbers":[{"__symbolic":"property","decorators":[{"__symbolic":"call","expression":{"__symbol":2,"members":[]},"arguments":[{"id":"numbers","name":"{{numbers_a721fa54_dpqy}}","binding":"numbers","updateOn":"blur","defaultI18nValue":"人数"}]}]}]}},"type":{"summaryKind":3,"type":{"reference":{"__symbol":0,"members":[]},"diDeps":[],"lifecycleHooks":[1]}}}],"symbols":[{"__symbol":0,"name":"DataGridComponentViewmodelForm","filePath":"./datagridcomponentviewmodelform"},{"__symbol":1,"name":"Form","filePath":"@farris/devkit"},{"__symbol":2,"name":"NgFormControl","filePath":"@farris/devkit"}]}