{"moduleName":null,"summaries":[{"symbol":{"__symbol":0,"members":[]},"metadata":{"__symbolic":"class","extends":{"__symbol":1,"members":[]},"members":{"studentNo":[{"__symbolic":"property","decorators":[{"__symbolic":"call","expression":{"__symbol":2,"members":[]},"arguments":[{"id":"studentNo","name":"{{studentNo_0af60b29_yp6z}}","binding":"studentNo","updateOn":"blur","defaultI18nValue":"学号"}]}]}],"fullName":[{"__symbolic":"property","decorators":[{"__symbolic":"call","expression":{"__symbol":2,"members":[]},"arguments":[{"id":"fullName","name":"{{fullName_affd0c98_fdxp}}","binding":"fullName","updateOn":"blur","defaultI18nValue":"姓名"}]}]}],"gender":[{"__symbolic":"property","decorators":[{"__symbolic":"call","expression":{"__symbol":2,"members":[]},"arguments":[{"id":"gender","name":"{{gender_79cb3960_3qma}}","binding":"gender","updateOn":"change","defaultI18nValue":"性别"}]}]}],"birthday":[{"__symbolic":"property","decorators":[{"__symbolic":"call","expression":{"__symbol":2,"members":[]},"arguments":[{"id":"birthday","name":"{{birthday_80a91865_2nvx}}","binding":"birthday","updateOn":"blur","valueConverter":{"__symbolic":"new","expression":{"__symbol":3,"members":[]},"arguments":["yyyy-MM-dd"]},"defaultI18nValue":"出生日期"}]}]}],"area":[{"__symbolic":"property","decorators":[{"__symbolic":"call","expression":{"__symbol":2,"members":[]},"arguments":[{"id":"area","name":"{{area_1978d155_j5xh}}","binding":"area","updateOn":"blur","defaultI18nValue":"地区"}]}]}]}},"type":{"summaryKind":3,"type":{"reference":{"__symbol":0,"members":[]},"diDeps":[],"lifecycleHooks":[1]}}}],"symbols":[{"__symbol":0,"name":"DataGridComponentViewmodelForm","filePath":"./datagridcomponentviewmodelform"},{"__symbol":1,"name":"Form","filePath":"@farris/devkit"},{"__symbol":2,"name":"NgFormControl","filePath":"@farris/devkit"},{"__symbol":3,"name":"DateConverter","filePath":"@farris/kendo-binding"}]}