{
  "AppCode" : "AppOrder",
  "ServiceUnitCode" : "DF",
  "BizobjectCode" : "Student",
  "BizobjectID" : "78494215-036d-405b-6b23-bd4541b506df",
  "ProjectNameSpace" : "Inspur.GS.AppOrder.DF.Student.Student.Back",
  "SuDeploymentPath" : "apps/apporder/df",
  "MetadataProjectName" : "bo-Student-Back",
  "MetadataPackageName" : "Inspur.GS.AppOrder.DF.Student.Student.Back",
  "SuConfigDeploymentPath" : null,
  "ProjectType" : "backend",
  "ProjectExtendItem" : [ {
    "codelanguage" : "java"
  } ]
}